"Time (s) Run #1","Force (N) Run #1","Acceleration - x (m/s²) Run #1","Acceleration - y (m/s²) Run #1","Acceleration - z (m/s²) Run #1","Acceleration - resultant (m/s²) Run #1","Angular Velocity - x (rad/s) Run #1","Angular Velocity - y (rad/s) Run #1","Angular Velocity - z (rad/s) Run #1"
0.000,0.05,9.9,-0.2,0.0,9.9,0.0,0.0,0.0
0.050,0.05,9.9,0.1,0.0,9.9,0.0,0.0,0.0
0.100,0.03,9.7,-0.2,0.1,9.7,0.0,0.0,0.0
0.150,0.04,9.8,-0.3,-0.1,9.9,0.0,0.0,0.0
0.200,0.04,9.9,0.3,0.0,9.9,0.0,0.0,0.0
0.250,0.05,9.8,-0.3,0.1,9.9,0.0,0.0,0.0
0.300,0.05,9.8,0.0,-0.1,9.8,0.0,0.0,0.0
0.350,0.04,9.9,0.0,-0.1,9.9,0.0,0.0,0.0
0.400,0.02,9.8,-0.3,0.1,9.8,0.0,0.0,0.0
0.450,0.05,9.8,0.1,0.0,9.8,0.0,0.0,0.0
0.500,0.05,9.8,0.0,-0.1,9.8,0.0,0.0,6.1E-4
0.550,0.05,9.8,-0.2,0.1,9.8,0.0,0.0,0.0
0.600,0.04,9.8,-0.1,0.0,9.8,0.0,0.0,6.1E-4
0.650,0.04,9.9,0.1,0.0,9.9,-1.2E-4,0.0,-6.1E-4
0.700,0.04,9.8,-0.2,0.0,9.8,0.0,0.0,-6.1E-4
0.750,0.03,9.8,-0.1,0.1,9.8,0.0,0.0,-6.1E-4
0.800,0.04,9.8,0.0,-0.1,9.8,0.0,0.0,-6.1E-4
0.850,0.02,9.9,0.0,0.2,9.9,0.0,0.0,6.1E-4
0.900,0.02,9.8,-0.2,0.0,9.8,0.0,0.0,0.0
0.950,0.02,9.8,0.1,-0.1,9.8,0.0,0.0,0.0
1.000,0.04,9.8,-0.2,0.0,9.8,0.0,0.0,0.0
1.050,0.03,9.9,0.0,0.1,9.9,0.0,0.0,0.0
1.100,0.04,9.8,0.0,-0.1,9.8,0.0,0.0,-6.1E-4
1.150,0.03,9.8,-0.2,0.0,9.8,0.0,0.0,6.1E-4
1.200,0.03,9.8,-0.2,0.0,9.8,0.0,0.0,0.0
1.250,0.04,9.9,0.1,0.0,9.9,0.0,0.0,6.1E-4
1.300,0.04,9.8,-0.1,0.0,9.8,0.0,0.0,0.0
1.350,0.04,9.8,-0.1,0.0,9.8,0.0,0.0,6.1E-4
1.400,0.05,9.8,-0.1,0.0,9.8,0.0,0.0,0.0
1.450,0.05,9.8,0.0,0.0,9.8,0.0,0.0,6.1E-4
1.500,0.05,9.9,-0.1,0.1,9.9,0.0,0.0,0.0
1.550,0.04,9.8,0.0,0.0,9.8,0.0,0.0,0.0
1.600,0.06,9.8,-0.1,0.0,9.8,0.0,0.0,0.0
1.650,0.06,9.8,-0.1,-0.1,9.8,0.0,0.0,6.1E-4
1.700,0.06,9.8,-0.1,0.0,9.8,0.0,0.0,0.0
1.750,0.05,9.8,0.0,0.0,9.8,0.0,0.0,-6.1E-4
1.800,0.05,9.9,0.0,0.1,9.9,0.0,0.0,-6.1E-4
1.850,0.06,9.8,-0.1,0.0,9.8,0.0,0.0,6.1E-4
1.900,0.05,9.8,-0.1,0.0,9.8,0.0,0.0,-6.1E-4
1.950,0.06,9.9,0.0,0.1,9.9,0.0,0.0,-6.1E-4
2.000,0.05,9.8,-0.1,0.0,9.8,0.0,0.0,-6.1E-4
2.050,0.06,9.8,-0.1,0.0,9.8,0.0,0.0,-6.1E-4
2.100,0.05,9.8,-0.1,0.0,9.8,0.0,0.0,0.0
2.150,0.06,9.9,0.0,0.1,9.9,0.0,0.0,6.1E-4
2.200,0.05,9.8,-0.1,0.0,9.8,0.0,0.0,0.0
2.250,0.05,9.9,-0.1,0.0,9.9,0.0,0.0,0.0
2.300,0.05,9.8,-0.2,0.0,9.8,0.0,0.0,0.0
2.350,0.05,9.9,0.0,0.0,9.9,0.0,0.0,0.0
2.400,0.05,9.8,-0.2,0.0,9.8,0.0,0.0,0.0
2.450,0.04,9.9,1.9E-4,0.1,9.9,0.0,0.0,0.0
2.500,0.04,9.8,-0.1,-0.1,9.8,0.0,0.0,0.0
2.550,0.04,9.8,0.0,0.0,9.8,0.0,0.0,6.1E-4
2.600,0.04,9.8,-0.2,0.0,9.8,-1.2E-4,0.0,0.0
2.650,0.04,9.8,0.1,0.0,9.8,0.0,0.0,0.0
2.700,0.05,9.8,-0.1,0.0,9.8,0.0,0.0,0.0
2.750,0.05,9.8,-0.1,0.0,9.8,0.0,0.0,0.0
2.800,0.04,9.8,0.0,0.0,9.8,0.0,0.0,-6.1E-4
2.850,0.04,9.8,-0.1,0.0,9.8,0.0,0.0,-6.1E-4
2.900,0.04,9.8,-0.1,0.0,9.8,0.0,0.0,-6.1E-4
2.950,0.04,9.8,0.0,0.0,9.8,0.0,0.0,6.1E-4
3.000,0.04,9.8,-0.2,0.0,9.8,0.0,0.0,0.0
3.050,0.04,9.8,0.1,0.0,9.8,0.0,0.0,0.0
3.100,0.04,9.8,-0.1,0.0,9.8,0.0,0.0,0.0
3.150,0.04,9.8,-0.1,-0.1,9.8,0.0,0.0,0.0
3.200,0.05,9.8,-0.1,0.0,9.8,0.0,0.0,0.0
3.250,0.04,9.8,0.0,0.0,9.8,0.0,0.0,0.0
3.300,0.04,9.8,-0.1,0.0,9.8,0.0,0.0,-6.1E-4
3.350,0.04,9.8,0.0,0.0,9.8,0.0,0.0,0.0
3.400,0.04,9.8,-0.2,0.1,9.8,0.0,0.0,0.0
3.450,0.05,9.8,0.0,0.0,9.8,0.0,0.0,0.0
3.500,0.04,9.8,-0.1,0.0,9.8,0.0,0.0,0.0
3.550,0.05,9.8,-0.1,0.0,9.8,0.0,0.0,-6.1E-4
3.600,0.04,9.9,0.0,0.0,9.9,0.0,0.0,0.0
3.650,0.04,9.8,0.0,0.0,9.8,0.0,0.0,6.1E-4
3.700,0.04,9.8,-0.2,0.0,9.8,0.0,0.0,-6.1E-4
3.750,0.05,9.8,0.0,0.0,9.8,0.0,0.0,6.1E-4
3.800,0.05,9.8,0.0,0.0,9.8,0.0,0.0,0.0
3.850,0.05,9.8,0.0,0.0,9.8,0.0,0.0,6.1E-4
3.900,0.05,9.9,-0.1,0.0,9.9,0.0,0.0,0.0
3.950,0.05,9.8,-0.1,0.0,9.8,0.0,0.0,-6.1E-4
4.000,0.06,9.8,0.0,0.0,9.8,0.0,0.0,6.1E-4
4.050,0.05,9.8,-0.1,0.0,9.8,0.0,0.0,-6.1E-4
4.100,0.05,9.9,-0.1,0.1,9.9,0.0,0.0,-6.1E-4
4.150,0.05,9.8,0.0,0.0,9.8,0.0,0.0,0.0
4.200,0.04,9.9,0.0,0.0,9.9,0.0,0.0,0.0
4.250,0.03,9.8,-0.2,0.0,9.8,0.0,0.0,0.0
4.300,0.04,9.8,0.0,0.0,9.8,0.0,0.0,6.1E-4
4.350,0.03,9.9,0.0,0.0,9.9,0.0,0.0,-6.1E-4
4.400,0.04,9.8,-0.1,0.1,9.8,0.0,0.0,0.0
4.450,0.04,9.8,-0.1,-0.1,9.8,0.0,0.0,0.0
4.500,0.05,9.9,1.9E-4,0.0,9.9,0.0,0.0,6.1E-4
4.550,0.05,9.8,-0.1,0.0,9.8,0.0,0.0,0.0
4.600,0.04,9.8,0.0,0.0,9.8,0.0,0.0,0.0
4.650,0.04,9.8,-0.1,0.0,9.8,0.0,0.0,0.0
4.700,0.05,9.8,-0.1,0.0,9.8,0.0,0.0,0.0
4.750,0.04,9.8,0.0,0.0,9.8,0.0,0.0,-6.1E-4
4.800,0.04,9.8,-0.1,0.0,9.8,0.0,0.0,-6.1E-4
4.850,0.03,9.8,-0.1,0.0,9.8,0.0,0.0,-6.1E-4
4.900,0.04,9.8,-0.1,0.0,9.8,0.0,0.0,-6.1E-4
4.950,0.02,9.8,0.0,0.0,9.8,0.0,0.0,-6.1E-4
5.000,0.03,9.8,-0.1,0.0,9.8,0.0,0.0,6.1E-4
5.050,0.03,9.9,0.0,0.0,9.9,0.0,0.0,6.1E-4
5.100,0.04,9.8,-0.1,0.0,9.8,0.0,0.0,-6.1E-4
5.150,0.05,9.8,0.0,0.0,9.8,0.0,0.0,6.1E-4
5.200,0.04,9.9,-0.2,0.0,9.9,0.0,0.0,0.0
5.250,0.03,9.9,0.0,0.0,9.9,0.0,0.0,6.1E-4
5.300,0.04,9.8,-0.1,0.0,9.8,0.0,0.0,0.0
5.350,0.04,9.8,-0.1,0.0,9.8,0.0,0.0,6.1E-4
5.400,0.04,9.8,-0.1,0.0,9.8,0.0,0.0,-6.1E-4
5.450,0.04,9.8,0.0,0.1,9.8,0.0,0.0,6.1E-4
5.500,0.04,9.8,-0.2,0.0,9.8,0.0,0.0,-6.1E-4
5.550,0.04,9.8,0.0,0.0,9.8,0.0,0.0,0.0
5.600,0.04,9.8,-0.1,0.0,9.8,-1.2E-4,0.0,0.0
5.650,0.04,9.8,-0.1,0.0,9.8,0.0,0.0,-6.1E-4
5.700,0.04,9.8,0.0,0.0,9.8,0.0,0.0,-6.1E-4
5.750,0.04,9.8,-0.1,0.0,9.8,0.0,0.0,-6.1E-4
5.800,0.04,9.8,-0.1,0.0,9.8,0.0,0.0,-6.1E-4
5.850,0.05,9.8,-0.1,0.0,9.8,0.0,0.0,6.1E-4
5.900,0.04,9.8,-0.1,0.0,9.8,0.0,0.0,-6.1E-4
5.950,0.05,9.8,-0.1,0.0,9.8,0.0,0.0,-6.1E-4
6.000,0.05,9.8,-0.1,0.0,9.8,0.0,0.0,-6.1E-4
6.050,0.05,9.8,-0.1,0.0,9.8,0.0,0.0,6.1E-4
6.100,0.05,9.8,-0.1,0.0,9.8,0.0,0.0,6.1E-4
6.150,0.05,9.8,0.0,0.0,9.8,0.0,0.0,-6.1E-4
6.200,0.05,9.8,-0.1,0.0,9.8,0.0,0.0,-6.1E-4
6.250,0.05,9.8,-0.1,0.0,9.8,0.0,0.0,-6.1E-4
6.300,0.04,9.8,-0.1,0.0,9.8,0.0,0.0,-6.1E-4
6.350,0.04,9.8,-0.1,0.0,9.8,0.0,0.0,-6.1E-4
6.400,0.04,9.8,0.0,0.0,9.8,0.0,0.0,-6.1E-4
6.450,0.04,9.8,-0.1,0.0,9.8,0.0,0.0,-6.1E-4
6.500,0.03,9.8,-0.1,0.0,9.8,0.0,0.0,0.0
6.550,0.04,9.9,0.0,0.0,9.9,0.0,0.0,-6.1E-4
6.600,0.03,9.8,-0.1,0.0,9.8,0.0,0.0,-6.1E-4
6.650,0.03,9.8,-0.1,0.0,9.8,0.0,0.0,6.1E-4
6.700,0.05,9.8,-0.1,0.0,9.8,0.0,0.0,6.1E-4
6.750,0.04,9.9,0.0,0.0,9.9,0.0,0.0,6.1E-4
6.800,0.04,9.8,-0.1,0.0,9.8,0.0,0.0,-6.1E-4
6.850,0.03,9.8,-0.1,0.0,9.8,0.0,0.0,-6.1E-4
6.900,0.04,9.8,-0.1,0.0,9.8,0.0,0.0,-6.1E-4
6.950,0.04,9.8,-0.1,0.0,9.8,0.0,0.0,6.1E-4
7.000,0.04,9.8,-0.1,0.0,9.8,0.0,0.0,-6.1E-4
7.050,0.04,9.8,-0.1,0.0,9.8,0.0,0.0,0.0
7.100,0.04,9.8,-0.1,0.0,9.8,0.0,0.0,-6.1E-4
7.150,0.04,9.8,-0.1,0.0,9.8,0.0,0.0,6.1E-4
7.200,0.03,9.8,-0.1,0.0,9.8,0.0,0.0,-6.1E-4
7.250,0.03,9.8,-0.1,0.0,9.8,0.0,0.0,-6.1E-4
7.300,0.05,9.8,-0.1,0.0,9.8,0.0,0.0,6.1E-4
7.350,0.03,9.8,0.0,0.0,9.8,0.0,0.0,-6.1E-4
7.400,0.03,9.8,-0.1,0.0,9.8,0.0,0.0,6.1E-4
7.450,0.03,9.8,-0.1,0.0,9.8,0.0,0.0,-6.1E-4
7.500,0.03,9.8,-0.1,0.0,9.8,0.0,0.0,-6.1E-4
7.550,0.04,9.8,-0.1,0.0,9.8,0.0,0.0,6.1E-4
7.600,0.04,9.8,-0.1,0.0,9.8,0.0,0.0,-6.1E-4
7.650,0.02,9.8,-0.1,0.0,9.8,0.0,0.0,-6.1E-4
7.700,0.03,9.8,-0.1,0.0,9.8,0.0,0.0,-6.1E-4
7.750,0.04,9.8,-0.1,0.0,9.8,0.0,0.0,6.1E-4
7.800,0.04,9.8,-0.1,0.0,9.8,0.0,0.0,6.1E-4
7.850,0.04,9.8,-0.1,0.0,9.8,0.0,0.0,-6.1E-4
7.900,0.04,9.8,0.0,0.0,9.8,0.0,0.0,6.1E-4
7.950,0.03,9.8,-0.1,0.0,9.8,0.0,0.0,0.0
8.000,0.04,9.8,-0.1,0.0,9.8,0.0,0.0,6.1E-4
8.050,0.04,9.8,-0.1,0.0,9.8,0.0,0.0,-6.1E-4
8.100,0.04,9.8,-0.1,0.0,9.8,0.0,0.0,6.1E-4
8.150,0.04,9.8,-0.1,0.0,9.8,0.0,0.0,-6.1E-4
8.200,0.04,9.8,-0.1,0.0,9.8,0.0,0.0,-6.1E-4
8.250,0.04,9.8,-0.1,0.0,9.8,0.0,0.0,-6.1E-4
8.300,0.04,9.8,0.0,0.0,9.8,0.0,0.0,-6.1E-4
8.350,0.04,9.8,-0.1,0.0,9.8,0.0,0.0,6.1E-4
8.400,0.04,9.8,-0.1,0.0,9.8,0.0,0.0,-6.1E-4
8.450,0.03,9.8,-0.1,0.0,9.8,0.0,0.0,-6.1E-4
8.500,0.03,9.8,-0.1,0.0,9.8,0.0,0.0,-6.1E-4
8.550,0.02,9.8,-0.1,0.0,9.8,0.0,0.0,-6.1E-4
8.600,0.02,9.8,-0.1,0.0,9.8,0.0,0.0,6.1E-4
8.650,0.03,9.8,-0.1,0.0,9.8,0.0,0.0,-6.1E-4
8.700,0.03,9.8,-0.1,0.0,9.8,0.0,0.0,6.1E-4
8.750,0.03,9.8,-0.1,0.0,9.8,0.0,0.0,6.1E-4
8.800,0.04,9.8,-0.1,0.0,9.8,0.0,0.0,-6.1E-4
8.850,0.03,9.8,0.0,0.0,9.8,0.0,0.0,-6.1E-4
8.900,0.04,9.8,-0.1,0.0,9.8,0.0,0.0,-6.1E-4
8.950,0.03,9.8,-0.1,0.0,9.8,0.0,0.0,0.0
9.000,0.04,9.8,-0.1,0.0,9.8,0.0,0.0,-6.1E-4
9.050,0.05,9.8,-0.1,0.0,9.8,0.0,0.0,6.1E-4
9.100,0.05,9.8,-0.1,0.0,9.8,0.0,0.0,-6.1E-4
9.150,0.04,9.8,-0.1,0.0,9.8,0.0,0.0,-6.1E-4
9.200,0.04,9.8,-0.1,0.0,9.8,0.0,0.0,6.1E-4
9.250,0.05,9.8,-0.1,0.0,9.8,0.0,0.0,-6.1E-4
9.300,0.05,9.8,-0.1,0.0,9.8,0.0,0.0,6.1E-4
9.350,0.04,9.8,-0.1,0.0,9.8,0.0,0.0,-6.1E-4
9.400,0.04,9.8,-0.1,0.0,9.8,0.0,0.0,0.0
9.450,0.04,9.8,-0.1,0.0,9.8,0.0,0.0,6.1E-4
9.500,0.04,9.8,-0.1,0.0,9.8,0.0,0.0,0.0
9.550,0.04,9.8,-0.1,0.0,9.8,0.0,0.0,-6.1E-4
9.600,0.04,9.8,-0.1,0.0,9.8,0.0,0.0,-6.1E-4
9.650,0.04,9.8,-0.1,0.0,9.8,0.0,0.0,-6.1E-4
9.700,0.04,9.8,-0.1,0.0,9.8,0.0,0.0,-6.1E-4
9.750,0.03,9.8,-0.1,0.0,9.8,0.0,0.0,0.0
9.800,0.02,9.8,-0.1,0.0,9.8,0.0,0.0,-6.1E-4
9.850,0.03,9.8,-0.1,0.0,9.8,0.0,0.0,-6.1E-4
9.900,0.04,9.8,-0.1,0.0,9.8,0.0,0.0,6.1E-4
9.950,0.04,9.8,-0.1,0.0,9.8,0.0,0.0,-6.1E-4
10.000,0.03,9.8,-0.1,0.0,9.8,0.0,0.0,-6.1E-4
10.050,0.05,9.8,-0.1,0.0,9.8,0.0,0.0,-6.1E-4
10.100,0.04,9.8,-0.1,0.0,9.8,0.0,0.0,-6.1E-4
10.150,0.04,9.8,-0.1,0.0,9.8,0.0,0.0,-6.1E-4
10.200,0.03,9.8,-0.1,0.0,9.8,0.0,0.0,-6.1E-4
10.250,0.04,9.8,-0.1,0.0,9.8,0.0,0.0,-6.1E-4
10.300,0.03,9.8,-0.1,0.0,9.8,0.0,0.0,6.1E-4
10.350,0.04,9.8,-0.1,0.0,9.8,0.0,0.0,-6.1E-4
10.400,0.04,9.8,-0.1,0.0,9.8,0.0,0.0,0.0
10.450,0.04,9.8,-0.1,0.0,9.8,0.0,0.0,6.1E-4
10.500,0.03,9.8,-0.1,0.0,9.8,0.0,0.0,6.1E-4
10.550,0.03,9.8,-0.1,0.0,9.8,0.0,0.0,-6.1E-4
10.600,0.03,9.8,-0.1,0.0,9.8,0.0,0.0,-6.1E-4
10.650,0.01,9.8,-0.1,0.0,9.8,0.0,0.0,-6.1E-4
10.700,0.02,9.8,-0.1,0.0,9.8,0.0,0.0,-6.1E-4
10.750,0.04,9.9,0.0,0.0,9.9,0.0,0.0,-6.1E-4
10.800,0.04,9.8,-0.1,0.0,9.8,0.0,0.0,6.1E-4
10.850,0.04,9.8,-0.1,0.0,9.8,0.0,0.0,-6.1E-4
10.900,0.04,9.8,0.0,0.0,9.8,0.0,0.0,6.1E-4
10.950,0.04,9.8,-0.1,0.0,9.8,0.0,0.0,0.0
11.000,0.04,9.8,-0.1,0.0,9.8,0.0,0.0,-6.1E-4
11.050,0.04,9.8,-0.1,0.0,9.8,0.0,0.0,0.0
11.100,0.04,9.8,-0.1,0.0,9.8,0.0,0.0,0.0
11.150,0.04,9.8,-0.1,0.0,9.8,0.0,0.0,0.0
11.200,0.04,9.8,-0.1,0.0,9.8,0.0,0.0,-6.1E-4
11.250,0.02,9.8,-0.1,0.0,9.8,0.0,0.0,6.1E-4
11.300,0.03,9.8,-0.1,0.0,9.8,0.0,0.0,-6.1E-4
11.350,0.04,9.8,-0.1,0.0,9.8,0.0,0.0,-6.1E-4
11.400,0.04,9.8,-0.1,0.0,9.8,0.0,0.0,6.1E-4
11.450,0.04,9.8,-0.1,0.0,9.8,0.0,0.0,6.1E-4
11.500,0.04,9.8,-0.1,0.0,9.8,0.0,0.0,6.1E-4
11.550,0.05,9.8,-0.1,0.0,9.8,0.0,0.0,6.1E-4
11.600,0.02,9.8,-0.1,0.0,9.8,0.0,0.0,-6.1E-4
11.650,0.04,9.8,-0.1,0.0,9.8,0.0,0.0,-6.1E-4
11.700,0.03,9.8,-0.1,0.0,9.8,0.0,0.0,-6.1E-4
11.750,0.04,9.8,0.0,0.0,9.8,0.0,0.0,-6.1E-4
11.800,0.04,9.8,-0.1,0.0,9.8,0.0,0.0,-6.1E-4
11.850,0.04,9.8,-0.1,0.0,9.8,0.0,0.0,6.1E-4
11.900,0.04,9.8,-0.1,0.0,9.8,0.0,0.0,-6.1E-4
11.950,0.03,9.8,0.0,0.0,9.8,0.0,0.0,-6.1E-4
12.000,0.04,9.8,-0.1,0.0,9.8,0.0,0.0,6.1E-4
12.050,0.03,9.8,-0.1,0.0,9.8,0.0,0.0,-6.1E-4
12.100,0.03,9.8,-0.1,0.0,9.8,0.0,0.0,0.0
12.150,0.02,9.8,-0.1,0.0,9.8,0.0,0.0,-6.1E-4
12.200,0.04,9.8,-0.1,0.0,9.8,0.0,0.0,6.1E-4
12.250,0.04,9.8,-0.1,0.0,9.8,0.0,0.0,-6.1E-4
12.300,0.04,9.8,-0.1,0.0,9.8,0.0,0.0,-6.1E-4
12.350,0.04,9.8,-0.1,0.0,9.8,0.0,0.0,-6.1E-4
12.400,0.03,9.8,-0.1,0.0,9.8,0.0,0.0,-6.1E-4
12.450,0.04,9.8,-0.1,0.0,9.8,0.0,0.0,0.0
12.500,0.04,9.8,-0.1,0.0,9.8,0.0,0.0,-6.1E-4
12.550,0.04,9.8,-0.1,0.0,9.8,0.0,0.0,0.0
12.600,0.04,9.8,-0.1,0.0,9.8,0.0,0.0,-6.1E-4
12.650,0.04,9.8,-0.1,0.0,9.8,0.0,0.0,-6.1E-4
12.700,0.04,9.8,-0.1,0.0,9.8,0.0,0.0,-6.1E-4
12.750,0.02,9.8,-0.1,0.0,9.8,0.0,0.0,-6.1E-4
12.800,0.02,9.8,-0.1,0.0,9.8,0.0,0.0,-6.1E-4
12.850,0.03,9.8,-0.1,0.0,9.8,0.0,0.0,0.0
12.900,0.04,9.8,-0.1,0.0,9.8,0.0,0.0,6.1E-4
12.950,0.04,9.8,-0.1,0.0,9.8,0.0,0.0,6.1E-4
13.000,0.03,9.8,-0.1,0.0,9.8,0.0,0.0,0.0
13.050,0.04,9.8,-0.1,0.0,9.8,0.0,0.0,6.1E-4
13.100,0.05,9.8,-0.1,0.0,9.8,0.0,0.0,-6.1E-4
13.150,0.03,9.8,-0.1,0.0,9.8,0.0,0.0,-6.1E-4
13.200,0.03,9.8,-0.1,0.0,9.8,0.0,0.0,-6.1E-4
13.250,0.02,9.8,-0.1,0.0,9.8,0.0,0.0,-6.1E-4
13.300,0.02,9.8,-0.1,0.0,9.8,0.0,0.0,-6.1E-4
13.350,0.04,9.8,-0.1,0.0,9.8,0.0,0.0,6.1E-4
13.400,0.02,9.8,-0.1,0.0,9.8,0.0,0.0,-6.1E-4
13.450,0.03,9.8,-0.1,0.0,9.8,0.0,0.0,-6.1E-4
13.500,0.04,9.8,-0.1,0.0,9.8,0.0,0.0,6.1E-4
13.550,0.02,9.8,-0.1,0.0,9.8,0.0,0.0,-6.1E-4
13.600,0.04,9.8,-0.1,0.0,9.8,0.0,0.0,-6.1E-4
13.650,0.03,9.8,-0.1,0.0,9.8,0.0,0.0,-6.1E-4
13.700,0.02,9.8,-0.1,0.0,9.8,0.0,0.0,0.0
13.750,0.03,9.8,-0.1,0.0,9.8,0.0,0.0,-6.1E-4
13.800,0.04,9.8,-0.1,0.0,9.8,0.0,0.0,-6.1E-4
13.850,0.03,9.8,-0.1,0.0,9.8,0.0,0.0,-6.1E-4
13.900,0.02,9.8,-0.1,0.0,9.8,0.0,0.0,6.1E-4
13.950,0.02,9.8,-0.1,0.0,9.8,0.0,0.0,6.1E-4
14.000,0.03,9.8,-0.1,0.0,9.8,0.0,0.0,6.1E-4
14.050,0.02,9.8,-0.1,0.0,9.8,0.0,0.0,-6.1E-4
14.100,0.04,9.8,-0.1,0.0,9.8,0.0,0.0,6.1E-4
14.150,0.02,9.8,-0.1,0.0,9.8,0.0,0.0,6.1E-4
14.200,0.01,9.8,-0.1,0.0,9.8,0.0,0.0,6.1E-4
14.250,0.03,9.8,-0.1,0.0,9.8,0.0,0.0,6.1E-4
14.300,0.03,9.8,-0.1,0.0,9.8,0.0,0.0,6.1E-4
14.350,0.03,9.8,-0.1,0.0,9.8,0.0,0.0,-6.1E-4
14.400,0.03,9.8,-0.1,0.0,9.8,0.0,0.0,0.0
14.450,0.04,9.8,-0.1,0.0,9.8,0.0,0.0,6.1E-4
14.500,0.03,9.8,-0.1,0.0,9.8,0.0,0.0,-6.1E-4
14.550,0.05,9.8,-0.1,0.0,9.8,0.0,0.0,-6.1E-4
14.600,0.04,9.8,-0.1,0.0,9.8,0.0,0.0,-6.1E-4
14.650,0.04,9.8,-0.1,0.0,9.8,0.0,0.0,-6.1E-4
14.700,0.04,9.8,-0.1,0.0,9.8,0.0,0.0,6.1E-4
14.750,0.03,9.8,0.0,0.0,9.8,0.0,0.0,-6.1E-4
14.800,0.04,9.8,-0.1,0.0,9.8,0.0,0.0,6.1E-4
14.850,0.04,9.8,-0.1,0.0,9.8,0.0,0.0,-6.1E-4
14.900,0.04,9.8,0.0,0.0,9.8,0.0,0.0,-6.1E-4
14.950,0.04,9.8,0.0,0.0,9.8,0.0,0.0,6.1E-4
15.000,0.04,9.8,-0.1,0.0,9.8,0.0,0.0,-6.1E-4
15.050,0.04,9.8,-0.1,0.0,9.8,0.0,0.0,-6.1E-4
15.100,0.04,9.8,0.0,0.0,9.8,0.0,0.0,-6.1E-4
15.150,0.04,9.8,0.0,0.0,9.8,0.0,0.0,6.1E-4
15.200,0.03,9.8,-0.1,0.0,9.8,0.0,0.0,-6.1E-4
15.250,0.04,9.8,-0.1,0.0,9.8,0.0,0.0,0.0
15.300,0.04,9.9,0.0,0.0,9.9,0.0,0.0,6.1E-4
15.350,0.04,9.8,-0.1,0.0,9.8,0.0,0.0,0.0
15.400,0.04,9.8,-0.1,0.0,9.8,0.0,0.0,6.1E-4
15.450,0.03,9.8,-0.1,0.0,9.8,0.0,0.0,-6.1E-4
15.500,0.04,9.8,0.0,0.0,9.8,0.0,0.0,-6.1E-4
15.550,0.03,9.8,-0.1,0.0,9.8,0.0,0.0,0.0
15.600,0.03,9.8,-0.1,0.0,9.8,0.0,0.0,6.1E-4
15.650,0.04,9.8,0.0,0.0,9.8,0.0,0.0,-6.1E-4
15.700,0.02,9.8,-0.1,0.0,9.8,0.0,0.0,-6.1E-4
15.750,0.04,9.8,0.0,0.0,9.8,0.0,0.0,6.1E-4
15.800,0.04,9.9,1.9E-4,0.0,9.9,0.0,0.0,-6.1E-4
15.850,0.04,9.8,-0.1,0.0,9.8,-1.2E-4,0.0,-6.1E-4
15.900,0.04,9.8,-0.1,0.0,9.8,0.0,0.0,-6.1E-4
15.950,0.02,9.8,0.0,0.0,9.8,0.0,0.0,0.0
16.000,0.02,9.8,-0.1,0.0,9.8,0.0,0.0,-6.1E-4
16.050,0.03,9.8,-0.1,0.0,9.8,0.0,0.0,0.0
16.100,0.04,9.8,0.0,0.0,9.8,0.0,0.0,-6.1E-4
16.150,0.02,9.8,-0.1,0.0,9.8,0.0,0.0,-6.1E-4
16.200,0.03,9.8,-0.1,0.0,9.8,0.0,0.0,6.1E-4
16.250,0.04,9.8,-0.1,0.0,9.8,0.0,0.0,6.1E-4
16.300,0.04,9.8,-0.1,0.0,9.8,0.0,0.0,-6.1E-4
16.350,0.04,9.8,-0.1,0.0,9.8,0.0,0.0,6.1E-4
16.400,0.03,9.8,-0.1,0.0,9.8,0.0,0.0,-6.1E-4
16.450,0.02,9.8,-0.1,0.0,9.8,0.0,0.0,-6.1E-4
16.500,0.04,9.8,-0.1,0.0,9.8,0.0,0.0,-6.1E-4
16.550,0.03,9.8,0.0,0.0,9.8,0.0,0.0,-6.1E-4
16.600,0.04,9.8,-0.1,0.0,9.8,0.0,0.0,-6.1E-4
16.650,0.04,9.8,-0.1,0.0,9.8,0.0,0.0,-6.1E-4
16.700,0.03,9.8,-0.1,0.0,9.8,0.0,0.0,-6.1E-4
16.750,0.03,9.8,-0.1,0.0,9.8,0.0,0.0,6.1E-4
16.800,0.02,9.8,-0.1,0.0,9.8,0.0,0.0,0.0
16.850,0.02,9.8,-0.1,0.0,9.8,0.0,0.0,6.1E-4
16.900,0.03,9.8,-0.1,0.0,9.8,0.0,0.0,-6.1E-4
16.950,0.04,9.8,-0.1,0.0,9.8,0.0,0.0,0.0
17.000,0.03,9.8,-0.1,0.0,9.8,0.0,0.0,6.1E-4
17.050,0.04,9.8,-0.1,0.0,9.8,0.0,0.0,-6.1E-4
17.100,0.03,9.8,-0.1,0.0,9.8,0.0,0.0,-6.1E-4
17.150,0.03,9.8,-0.1,0.0,9.8,0.0,0.0,6.1E-4
17.200,0.04,9.8,-0.1,0.0,9.8,0.0,0.0,-6.1E-4
17.250,0.03,9.8,-0.1,0.0,9.8,0.0,0.0,-6.1E-4
17.300,0.04,9.8,-0.1,0.0,9.8,0.0,0.0,-6.1E-4
17.350,0.04,9.8,-0.1,0.0,9.8,0.0,0.0,-6.1E-4
17.400,0.04,9.8,-0.1,0.0,9.8,0.0,0.0,6.1E-4
17.450,0.02,9.8,-0.1,0.0,9.8,0.0,0.0,0.0
17.500,0.03,9.8,-0.1,0.0,9.8,0.0,0.0,6.1E-4
17.550,0.04,9.8,-0.1,0.0,9.8,0.0,0.0,-6.1E-4
17.600,0.03,9.8,-0.1,0.0,9.8,0.0,0.0,0.0
17.650,0.03,9.8,-0.1,0.0,9.8,0.0,0.0,-6.1E-4
17.700,0.02,9.8,-0.1,0.0,9.8,0.0,0.0,-6.1E-4
17.750,0.04,9.8,-0.1,0.0,9.8,0.0,0.0,6.1E-4
17.800,0.04,9.8,-0.1,0.0,9.8,0.0,0.0,6.1E-4
17.850,0.05,9.8,-0.1,0.0,9.8,0.0,0.0,-6.1E-4
17.900,0.05,9.8,-0.1,0.0,9.8,0.0,0.0,-6.1E-4
17.950,0.04,9.8,-0.1,0.0,9.8,0.0,0.0,-6.1E-4
18.000,0.03,9.8,-0.1,0.0,9.8,0.0,0.0,-6.1E-4
18.050,0.02,9.8,-0.1,0.0,9.8,0.0,0.0,-6.1E-4
18.100,0.04,9.8,-0.1,0.0,9.8,0.0,0.0,-6.1E-4
18.150,0.04,9.8,-0.1,0.0,9.8,0.0,0.0,0.0
18.200,0.03,9.8,0.0,0.0,9.8,0.0,0.0,-6.1E-4
18.250,0.04,9.8,-0.1,0.0,9.8,0.0,0.0,0.0
18.300,0.04,9.8,-0.1,0.0,9.8,0.0,0.0,-6.1E-4
18.350,0.04,9.8,-0.1,0.0,9.8,0.0,0.0,-6.1E-4
18.400,0.04,9.8,-0.1,0.0,9.8,0.0,0.0,-6.1E-4
18.450,0.05,9.8,-0.1,0.0,9.8,0.0,0.0,-6.1E-4
18.500,0.04,9.8,-0.1,0.0,9.8,0.0,0.0,-6.1E-4
18.550,0.04,9.8,-0.1,0.0,9.8,0.0,0.0,6.1E-4
18.600,0.04,9.8,-0.1,0.0,9.8,0.0,0.0,6.1E-4
18.650,0.04,9.8,-0.1,0.0,9.8,0.0,0.0,-6.1E-4
18.700,0.05,9.8,-0.1,0.0,9.8,0.0,0.0,-6.1E-4
18.750,0.04,9.8,-0.1,0.0,9.8,0.0,0.0,-6.1E-4
18.800,0.04,9.8,-0.1,0.0,9.8,0.0,0.0,-6.1E-4
18.850,0.05,9.8,-0.1,0.0,9.8,0.0,0.0,-6.1E-4
18.900,0.04,9.8,-0.1,0.0,9.8,0.0,0.0,-6.1E-4
18.950,0.05,9.8,-0.1,0.0,9.8,0.0,0.0,6.1E-4
19.000,0.04,9.8,-0.1,0.0,9.8,0.0,0.0,6.1E-4
19.050,0.03,9.8,-0.1,0.0,9.8,0.0,0.0,6.1E-4
19.100,0.04,9.8,0.0,0.0,9.8,0.0,0.0,6.1E-4
19.150,0.04,9.8,-0.1,0.0,9.8,0.0,0.0,-6.1E-4
19.200,0.04,9.8,-0.1,0.0,9.8,0.0,0.0,6.1E-4
19.250,0.04,9.8,-0.1,0.0,9.8,0.0,0.0,-6.1E-4
19.300,0.04,9.8,-0.1,0.0,9.8,0.0,0.0,6.1E-4
19.350,0.05,9.8,-0.1,0.0,9.8,0.0,0.0,-6.1E-4
19.400,0.05,9.8,-0.1,0.0,9.8,0.0,0.0,6.1E-4
19.450,0.05,9.8,-0.1,0.0,9.8,0.0,0.0,-6.1E-4
19.500,0.04,9.8,-0.1,0.0,9.8,0.0,0.0,-6.1E-4
19.550,0.03,9.8,-0.1,0.0,9.8,0.0,0.0,-6.1E-4
19.600,0.05,9.8,-0.1,0.0,9.8,0.0,0.0,6.1E-4
19.650,0.04,9.8,-0.1,0.0,9.8,0.0,0.0,-6.1E-4
19.700,0.05,9.8,-0.1,0.0,9.8,0.0,0.0,-6.1E-4
19.750,0.05,9.8,-0.1,0.0,9.8,0.0,0.0,6.1E-4
19.800,0.04,9.8,-0.1,0.0,9.8,0.0,0.0,-6.1E-4
19.850,0.04,9.8,-0.1,0.0,9.8,0.0,0.0,-6.1E-4
19.900,0.05,9.8,-0.1,0.0,9.8,0.0,0.0,-6.1E-4
19.950,0.05,9.8,-0.1,0.0,9.8,0.0,0.0,-6.1E-4
20.000,0.05,9.8,-0.1,0.0,9.8,0.0,0.0,-6.1E-4
20.050,0.05,9.8,-0.1,0.0,9.8,0.0,0.0,-6.1E-4
20.100,0.05,9.8,-0.1,0.0,9.8,0.0,0.0,-6.1E-4
20.150,0.04,9.8,-0.1,0.0,9.8,0.0,0.0,-6.1E-4
20.200,0.05,9.8,-0.1,0.0,9.8,0.0,0.0,6.1E-4
20.250,0.05,9.8,-0.1,0.0,9.8,0.0,0.0,-6.1E-4
20.300,0.04,9.8,-0.1,0.0,9.8,0.0,0.0,-6.1E-4
20.350,0.04,9.8,-0.1,0.0,9.8,0.0,0.0,-6.1E-4
20.400,0.04,9.8,-0.1,0.0,9.8,0.0,0.0,-6.1E-4
20.450,0.04,9.8,-0.1,0.0,9.8,0.0,0.0,0.0
20.500,0.05,9.8,-0.1,0.0,9.8,0.0,0.0,6.1E-4
20.550,0.04,9.8,-0.1,0.0,9.8,0.0,0.0,0.0
20.600,0.03,9.8,-0.1,0.0,9.8,0.0,0.0,-6.1E-4
20.650,0.02,9.8,-0.1,0.0,9.8,0.0,0.0,-6.1E-4
20.700,0.04,9.8,-0.1,0.0,9.8,0.0,0.0,-6.1E-4
20.750,0.04,9.8,-0.1,0.0,9.8,0.0,0.0,6.1E-4
20.800,0.03,9.8,-0.1,0.0,9.8,0.0,0.0,-6.1E-4
20.850,0.03,9.8,-0.1,0.0,9.8,0.0,0.0,0.0
20.900,0.03,9.8,-0.1,0.0,9.8,0.0,0.0,-6.1E-4
20.950,0.04,9.8,0.0,0.0,9.8,0.0,0.0,-6.1E-4
21.000,0.04,9.8,-0.1,0.0,9.8,0.0,0.0,0.0
21.050,0.05,9.8,-0.1,0.0,9.8,0.0,0.0,6.1E-4
21.100,0.03,9.8,-0.1,0.0,9.8,0.0,0.0,-6.1E-4
21.150,0.04,9.8,-0.1,0.0,9.8,0.0,0.0,-6.1E-4
21.200,0.04,9.8,-0.1,0.0,9.8,0.0,0.0,-6.1E-4
21.250,0.04,9.8,-0.1,0.0,9.8,0.0,0.0,-6.1E-4
21.300,0.01,9.8,-0.1,0.0,9.8,0.0,0.0,-6.1E-4
21.350,0.03,9.8,-0.1,0.0,9.8,0.0,0.0,6.1E-4
21.400,0.03,9.8,-0.1,0.0,9.8,0.0,0.0,0.0
21.450,0.04,9.8,0.0,0.0,9.8,0.0,0.0,6.1E-4
21.500,0.04,9.8,-0.1,0.0,9.8,0.0,0.0,0.0
21.550,0.03,9.8,-0.1,0.0,9.8,0.0,0.0,-6.1E-4
21.600,0.03,9.8,-0.1,0.0,9.8,0.0,0.0,6.1E-4
21.650,0.05,9.8,0.0,0.0,9.8,0.0,0.0,-6.1E-4
21.700,0.04,9.8,-0.1,0.0,9.8,0.0,0.0,6.1E-4
21.750,0.04,9.8,-0.1,0.0,9.8,0.0,0.0,0.0
21.800,0.05,9.8,0.0,0.0,9.8,0.0,0.0,6.1E-4
21.850,0.04,9.8,-0.1,0.0,9.8,0.0,0.0,-6.1E-4
21.900,0.04,9.8,-0.1,0.0,9.8,0.0,0.0,-6.1E-4
21.950,0.05,9.8,-0.1,0.0,9.8,0.0,0.0,-6.1E-4
22.000,0.05,9.8,-0.1,0.0,9.8,0.0,0.0,0.0
22.050,0.05,9.8,-0.1,0.0,9.8,0.0,0.0,-6.1E-4
22.100,0.04,9.8,-0.1,0.0,9.8,0.0,0.0,-6.1E-4
22.150,0.04,9.8,-0.1,0.0,9.8,0.0,0.0,0.0
22.200,0.04,9.8,-0.1,0.0,9.8,0.0,0.0,-6.1E-4
22.250,0.05,9.8,-0.1,0.0,9.8,0.0,0.0,-6.1E-4
22.300,0.05,9.8,-0.1,0.0,9.8,0.0,0.0,-6.1E-4
22.350,0.05,9.8,-0.1,0.0,9.8,0.0,0.0,6.1E-4
22.400,0.05,9.8,-0.1,0.0,9.8,0.0,0.0,0.0
22.450,0.04,9.8,-0.1,0.0,9.8,0.0,0.0,6.1E-4
22.500,0.04,9.8,-0.1,0.0,9.8,0.0,0.0,-6.1E-4
22.550,0.04,9.8,0.0,0.0,9.8,0.0,0.0,-6.1E-4
22.600,0.04,9.8,0.0,0.0,9.8,0.0,0.0,-6.1E-4
22.650,0.04,9.8,-0.1,0.0,9.8,0.0,0.0,6.1E-4
22.700,0.04,9.8,-0.1,0.0,9.8,0.0,0.0,-6.1E-4
22.750,0.04,9.8,0.0,0.0,9.8,0.0,0.0,6.1E-4
22.800,0.05,9.8,-0.1,0.0,9.8,0.0,0.0,6.1E-4
22.850,0.04,9.8,-0.1,0.0,9.8,0.0,0.0,-6.1E-4
22.900,0.04,9.8,-0.1,0.0,9.8,0.0,0.0,-6.1E-4
22.950,0.03,9.8,-0.1,0.0,9.8,0.0,0.0,-6.1E-4
23.000,0.03,9.8,-0.1,0.0,9.8,0.0,0.0,0.0
23.050,0.04,9.8,-0.1,0.0,9.8,0.0,0.0,-6.1E-4
23.100,0.05,9.8,-0.1,0.0,9.8,0.0,0.0,-6.1E-4
23.150,0.04,9.8,-0.1,0.0,9.8,0.0,0.0,-6.1E-4
23.200,0.05,9.8,-0.1,0.0,9.8,0.0,0.0,-6.1E-4
23.250,0.03,9.8,-0.1,0.0,9.8,0.0,0.0,0.0
23.300,0.04,9.8,-0.1,0.0,9.8,0.0,0.0,-6.1E-4
23.350,0.04,9.8,-0.1,0.0,9.8,0.0,0.0,-6.1E-4
23.400,0.04,9.8,-0.1,0.0,9.8,0.0,0.0,-6.1E-4
23.450,0.02,9.8,-0.1,0.0,9.8,0.0,0.0,6.1E-4
23.500,0.04,9.8,0.0,0.0,9.8,0.0,0.0,6.1E-4
23.550,0.03,9.8,-0.1,0.0,9.8,0.0,0.0,-6.1E-4
23.600,0.04,9.8,-0.1,0.0,9.8,0.0,0.0,6.1E-4
23.650,0.04,9.8,0.0,0.0,9.8,0.0,0.0,6.1E-4
23.700,0.05,9.8,-0.1,0.0,9.8,0.0,0.0,-6.1E-4
23.750,0.04,9.8,-0.1,0.0,9.8,0.0,0.0,-6.1E-4
23.800,0.05,9.8,-0.1,0.0,9.8,0.0,0.0,-6.1E-4
23.850,0.05,9.8,-0.1,0.0,9.8,0.0,0.0,0.0
23.900,0.04,9.8,-0.1,0.0,9.8,0.0,0.0,-6.1E-4
23.950,0.04,9.8,-0.1,0.0,9.8,0.0,0.0,0.0
24.000,0.04,9.8,-0.1,0.0,9.8,0.0,0.0,-6.1E-4
24.050,0.04,9.8,-0.1,0.0,9.8,0.0,0.0,-6.1E-4
24.100,0.04,9.8,-0.1,0.0,9.8,0.0,0.0,-6.1E-4
24.150,0.04,9.8,-0.1,0.0,9.8,0.0,0.0,0.0
24.200,0.04,9.8,-0.1,0.0,9.8,0.0,0.0,-6.1E-4
24.250,0.03,9.8,-0.1,0.0,9.8,0.0,0.0,-6.1E-4
24.300,0.03,9.8,-0.1,0.0,9.8,0.0,0.0,-6.1E-4
24.350,0.04,9.8,-0.1,0.0,9.8,0.0,0.0,6.1E-4
24.400,0.04,9.8,-0.1,0.0,9.8,0.0,0.0,-6.1E-4
24.450,0.05,9.8,-0.1,0.0,9.8,0.0,0.0,6.1E-4
24.500,0.04,9.8,-0.1,0.0,9.8,0.0,0.0,-6.1E-4
24.550,0.05,9.8,-0.1,0.0,9.8,0.0,0.0,0.0
24.600,0.04,9.8,-0.1,0.0,9.8,0.0,0.0,-6.1E-4
24.650,0.04,9.8,-0.1,0.0,9.8,0.0,0.0,0.0
24.700,0.04,9.8,-0.1,0.0,9.8,0.0,0.0,-6.1E-4
24.750,0.02,9.8,-0.1,0.0,9.8,0.0,0.0,-6.1E-4
24.800,0.03,9.8,-0.1,0.0,9.8,0.0,0.0,0.0
24.850,0.04,9.8,-0.1,0.0,9.8,0.0,0.0,-6.1E-4
24.900,0.04,9.8,-0.1,0.0,9.8,0.0,0.0,-6.1E-4
24.950,0.04,9.8,-0.1,0.0,9.8,0.0,0.0,-6.1E-4
25.000,0.02,9.8,-0.1,0.0,9.8,0.0,0.0,0.0
25.050,0.03,9.8,-0.1,0.0,9.8,0.0,0.0,-6.1E-4
25.100,0.03,9.8,-0.1,0.0,9.8,0.0,0.0,0.0
25.150,0.03,9.8,0.0,0.0,9.8,0.0,0.0,6.1E-4
25.200,0.02,9.8,-0.1,0.0,9.8,-1.2E-4,0.0,-6.1E-4
25.250,0.02,9.8,-0.1,0.0,9.8,0.0,0.0,0.0
25.300,0.04,9.9,0.0,0.0,9.9,0.0,0.0,6.1E-4
25.350,0.03,9.8,-0.1,0.0,9.8,0.0,0.0,6.1E-4
25.400,0.03,9.8,-0.1,0.0,9.8,0.0,0.0,-6.1E-4
25.450,0.04,9.8,-0.1,0.0,9.8,0.0,0.0,6.1E-4
25.500,0.04,9.8,-0.1,0.0,9.8,0.0,0.0,-6.1E-4
25.550,0.03,9.8,-0.1,0.0,9.8,0.0,0.0,-6.1E-4
25.600,0.05,9.8,-0.1,0.0,9.8,0.0,0.0,-6.1E-4
25.650,0.04,9.8,-0.1,0.0,9.8,0.0,0.0,-6.1E-4
25.700,0.03,9.8,-0.1,0.0,9.8,0.0,0.0,-6.1E-4
25.750,0.02,9.8,-0.1,0.0,9.8,0.0,0.0,-6.1E-4
25.800,0.05,9.8,-0.1,0.0,9.8,0.0,0.0,0.0
25.850,0.05,9.8,-0.1,0.0,9.8,0.0,0.0,-6.1E-4
25.900,0.04,9.8,-0.1,0.0,9.8,0.0,0.0,-6.1E-4
25.950,0.04,9.8,-0.1,0.0,9.8,0.0,0.0,-6.1E-4
26.000,0.05,9.8,-0.1,0.0,9.8,0.0,0.0,0.0
26.050,0.04,9.8,-0.1,0.0,9.8,0.0,0.0,6.1E-4
26.100,0.04,9.8,-0.1,0.0,9.8,0.0,0.0,0.0
26.150,0.04,9.8,-0.1,0.0,9.8,0.0,0.0,-6.1E-4
26.200,0.06,9.8,-0.1,0.0,9.8,0.0,0.0,6.1E-4
26.250,0.05,9.8,-0.1,0.0,9.8,0.0,0.0,6.1E-4
26.300,0.04,9.8,-0.1,0.0,9.8,0.0,0.0,6.1E-4
26.350,0.05,9.8,-0.1,0.0,9.8,0.0,0.0,0.0
26.400,0.04,9.8,-0.1,0.0,9.8,0.0,0.0,-6.1E-4
26.450,0.05,9.8,-0.1,0.0,9.8,0.0,0.0,-6.1E-4
26.500,0.05,9.8,-0.1,0.0,9.8,0.0,0.0,-6.1E-4
26.550,0.04,9.8,-0.1,0.0,9.8,0.0,0.0,6.1E-4
26.600,0.04,9.8,-0.1,0.0,9.8,0.0,0.0,-6.1E-4
26.650,0.02,9.8,-0.1,0.0,9.8,0.0,0.0,-6.1E-4
26.700,0.03,9.8,-0.1,0.0,9.8,0.0,0.0,-6.1E-4
26.750,0.04,9.8,-0.1,0.0,9.8,0.0,0.0,-6.1E-4
26.800,0.03,9.8,-0.1,0.0,9.8,0.0,0.0,0.0
26.850,0.04,9.8,0.0,0.0,9.8,0.0,0.0,6.1E-4
26.900,0.04,9.8,0.0,0.0,9.8,0.0,0.0,0.0
26.950,0.03,9.8,-0.1,0.0,9.8,0.0,0.0,-6.1E-4
27.000,0.04,9.8,0.0,0.0,9.8,0.0,0.0,-6.1E-4
27.050,0.04,9.8,0.0,0.0,9.8,0.0,0.0,0.0
27.100,0.04,9.8,-0.1,0.0,9.8,0.0,0.0,6.1E-4
27.150,0.03,9.8,-0.1,0.0,9.8,0.0,0.0,0.0
27.200,0.04,9.9,0.0,0.1,9.9,0.0,0.0,-6.1E-4
27.250,0.04,9.8,-0.2,0.0,9.8,0.0,0.0,0.0
27.300,0.03,9.8,0.0,0.0,9.8,0.0,0.0,-6.1E-4
27.350,0.04,9.8,-0.1,0.0,9.8,0.0,0.0,-6.1E-4
27.400,0.04,9.9,0.0,0.0,9.9,0.0,0.0,-6.1E-4
27.450,0.04,9.8,-0.1,0.0,9.8,0.0,0.0,-6.1E-4
27.500,0.05,9.8,-0.1,0.0,9.8,0.0,0.0,0.0
27.550,0.05,9.8,-0.1,0.0,9.8,0.0,0.0,-6.1E-4
27.600,0.04,9.8,0.0,0.0,9.8,0.0,0.0,6.1E-4
27.650,0.05,9.8,-0.1,0.0,9.8,0.0,0.0,-6.1E-4
27.700,0.04,9.8,-0.1,0.0,9.8,0.0,0.0,6.1E-4
27.750,0.04,9.8,-0.1,0.0,9.8,0.0,0.0,0.0
27.800,0.04,9.8,-0.1,0.0,9.8,0.0,0.0,-6.1E-4
27.850,0.04,9.8,-0.1,0.0,9.8,0.0,0.0,-6.1E-4
27.900,0.04,9.8,-0.1,0.0,9.8,0.0,0.0,-6.1E-4
27.950,0.03,9.8,0.0,0.0,9.8,0.0,0.0,-6.1E-4
28.000,0.04,9.8,-0.1,0.0,9.8,0.0,0.0,0.0
28.050,0.03,9.8,-0.1,0.0,9.8,0.0,0.0,6.1E-4
28.100,0.03,9.8,-0.1,0.0,9.8,0.0,0.0,0.0
28.150,0.04,9.8,0.0,0.0,9.8,0.0,0.0,-6.1E-4
28.200,0.05,9.8,-0.1,0.0,9.8,0.0,0.0,-6.1E-4
28.250,0.05,9.8,-0.1,0.0,9.8,0.0,0.0,-6.1E-4
28.300,0.05,9.8,-0.1,0.0,9.8,0.0,0.0,0.0
28.350,0.04,9.8,-0.1,0.0,9.8,0.0,0.0,6.1E-4
28.400,0.05,9.8,-0.1,0.0,9.8,0.0,0.0,-6.1E-4
28.450,0.05,9.8,-0.1,0.0,9.8,0.0,0.0,-6.1E-4
28.500,0.04,9.8,0.0,0.0,9.8,0.0,0.0,0.0
28.550,0.03,9.8,-0.1,0.0,9.8,0.0,0.0,6.1E-4
28.600,0.03,9.8,-0.1,0.0,9.8,0.0,0.0,0.0
28.650,0.04,9.8,-0.1,0.0,9.8,0.0,0.0,0.0
28.700,0.02,9.8,-0.1,0.0,9.8,0.0,0.0,-6.1E-4
28.750,0.02,9.8,-0.1,0.0,9.8,0.0,0.0,6.1E-4
28.800,0.03,9.8,-0.1,0.0,9.8,0.0,0.0,0.0
28.850,0.04,9.8,-0.1,0.0,9.8,0.0,0.0,-6.1E-4
28.900,0.05,9.8,-0.1,0.0,9.8,0.0,0.0,6.1E-4
28.950,0.05,9.8,-0.1,0.0,9.8,0.0,0.0,0.0
29.000,0.03,9.8,-0.1,0.0,9.8,0.0,0.0,-6.1E-4
29.050,0.05,9.8,-0.1,0.0,9.8,0.0,0.0,0.0
29.100,0.04,9.8,-0.1,0.0,9.8,0.0,0.0,-6.1E-4
29.150,0.03,9.8,0.0,0.0,9.8,0.0,0.0,-6.1E-4
29.200,0.02,9.8,-0.1,0.0,9.8,0.0,0.0,6.1E-4
29.250,0.04,9.8,-0.2,0.0,9.8,0.0,0.0,-6.1E-4
29.300,0.04,9.8,0.0,0.0,9.8,0.0,0.0,-6.1E-4
29.350,0.04,9.8,0.0,0.0,9.8,-1.2E-4,0.0,6.1E-4
29.400,0.03,9.8,-0.1,0.0,9.8,0.0,0.0,0.0
29.450,0.03,9.8,-0.1,0.0,9.8,0.0,0.0,6.1E-4
29.500,0.03,9.8,0.0,0.0,9.8,0.0,0.0,0.0
29.550,0.03,9.8,0.0,0.0,9.8,0.0,0.0,-6.1E-4
29.600,0.03,9.8,-0.1,0.0,9.8,0.0,0.0,-6.1E-4
29.650,0.02,9.8,-0.1,0.0,9.8,0.0,0.0,0.0
29.700,0.03,9.8,-0.1,0.0,9.8,0.0,0.0,-6.1E-4
29.750,0.04,9.8,-0.1,0.0,9.8,0.0,0.0,-6.1E-4
29.800,0.03,9.8,-0.1,0.0,9.8,0.0,0.0,-6.1E-4
29.850,0.02,9.8,-0.1,0.0,9.8,0.0,0.0,-6.1E-4
29.900,0.03,9.8,-0.1,0.0,9.8,0.0,0.0,0.0
29.950,0.04,9.8,0.0,0.0,9.8,0.0,0.0,0.0
30.000,0.04,9.8,-0.2,0.0,9.8,-1.2E-4,0.0,0.0
30.050,0.03,9.8,-0.1,0.0,9.8,0.0,0.0,-6.1E-4
30.100,0.04,9.8,-0.1,0.0,9.8,0.0,0.0,-6.1E-4
30.150,0.04,9.8,0.0,0.0,9.8,0.0,0.0,-6.1E-4
30.200,0.03,9.8,-0.1,0.0,9.8,0.0,0.0,6.1E-4
30.250,0.04,9.8,-0.1,0.0,9.8,0.0,0.0,-6.1E-4
30.300,0.03,9.8,-0.1,0.0,9.8,0.0,0.0,0.0
30.350,0.04,9.9,0.0,0.1,9.9,0.0,0.0,0.0
30.400,0.03,9.8,-0.1,0.0,9.8,0.0,0.0,0.0
30.450,0.02,9.8,-0.1,0.0,9.8,0.0,0.0,6.1E-4
30.500,0.04,9.8,-0.1,0.0,9.8,0.0,0.0,-6.1E-4
30.550,0.02,9.9,1.9E-4,0.0,9.9,0.0,0.0,-6.1E-4
30.600,0.04,9.8,-0.1,0.0,9.8,0.0,0.0,-6.1E-4
30.650,0.03,9.8,-0.1,0.0,9.8,0.0,0.0,0.0
30.700,0.05,9.9,0.0,0.0,9.9,0.0,0.0,-6.1E-4
30.750,0.04,9.8,-0.1,0.0,9.8,0.0,0.0,-6.1E-4
30.800,0.04,9.8,-0.1,0.0,9.8,0.0,0.0,-6.1E-4
30.850,0.04,9.8,-0.1,0.0,9.8,0.0,0.0,0.0
30.900,0.03,9.8,0.0,0.0,9.8,0.0,0.0,-6.1E-4
30.950,0.04,9.8,-0.1,0.0,9.8,0.0,0.0,-6.1E-4
31.000,0.04,9.8,-0.1,0.0,9.8,-1.2E-4,0.0,-6.1E-4
31.050,0.04,9.8,-0.1,0.0,9.8,0.0,0.0,-6.1E-4
31.100,0.04,9.9,0.0,0.1,9.9,-1.2E-4,0.0,6.1E-4
31.150,0.03,9.8,-0.1,0.0,9.8,0.0,0.0,-6.1E-4
31.200,0.03,9.8,-0.1,0.0,9.8,0.0,0.0,-6.1E-4
31.250,0.04,9.8,-0.1,0.0,9.8,0.0,0.0,-6.1E-4
31.300,0.05,9.8,0.0,0.0,9.8,0.0,0.0,6.1E-4
31.350,0.04,9.8,-0.1,0.0,9.8,0.0,0.0,6.1E-4
31.400,0.03,9.9,0.0,0.0,9.9,0.0,0.0,-6.1E-4
31.450,0.05,9.8,-0.1,0.0,9.8,0.0,0.0,-6.1E-4
31.500,0.05,9.8,-0.1,0.0,9.8,0.0,0.0,-6.1E-4
31.550,0.05,9.8,-0.1,0.0,9.8,0.0,0.0,-6.1E-4
31.600,0.04,9.9,0.0,0.0,9.9,0.0,0.0,-6.1E-4
31.650,0.05,9.8,-0.1,0.0,9.8,0.0,0.0,-6.1E-4
31.700,0.03,9.8,0.0,0.0,9.8,0.0,0.0,6.1E-4
31.750,0.04,9.8,-0.1,0.0,9.8,0.0,0.0,-6.1E-4
31.800,0.04,9.8,-0.1,0.0,9.8,0.0,0.0,0.0
31.850,0.03,9.8,-0.1,0.0,9.8,0.0,0.0,-6.1E-4
31.900,0.03,9.8,0.0,0.0,9.8,0.0,0.0,6.1E-4
31.950,0.04,9.9,-0.1,0.0,9.9,0.0,0.0,0.0
32.000,0.04,9.8,0.0,0.0,9.8,0.0,0.0,6.1E-4
32.050,0.04,9.8,-0.1,0.0,9.8,0.0,0.0,6.1E-4
32.100,0.04,9.8,-0.1,0.0,9.8,0.0,0.0,-6.1E-4
32.150,0.04,9.8,0.0,0.0,9.8,0.0,0.0,6.1E-4
32.200,0.03,9.8,-0.1,0.1,9.8,0.0,0.0,-6.1E-4
32.250,0.05,9.8,-0.1,0.0,9.8,0.0,0.0,0.0
32.300,0.04,9.9,1.9E-4,0.0,9.9,0.0,0.0,-6.1E-4
32.350,0.04,9.8,-0.2,0.0,9.8,0.0,0.0,-6.1E-4
32.400,0.05,9.8,0.0,0.0,9.8,0.0,0.0,-6.1E-4
32.450,0.05,9.8,0.0,0.0,9.8,0.0,0.0,6.1E-4
32.500,0.04,9.8,-0.1,0.1,9.8,0.0,0.0,-6.1E-4
32.550,0.05,9.8,-0.1,0.0,9.8,0.0,0.0,6.1E-4
32.600,0.04,9.9,0.0,0.0,9.9,0.0,0.0,0.0
32.650,0.03,9.8,-0.1,0.0,9.8,0.0,0.0,0.0
32.700,0.04,9.8,0.0,0.0,9.8,0.0,0.0,-6.1E-4
32.750,0.05,9.8,-0.1,0.0,9.8,0.0,0.0,-6.1E-4
32.800,0.05,9.8,0.0,0.0,9.8,0.0,0.0,6.1E-4
32.850,0.06,9.8,-0.1,0.0,9.8,0.0,0.0,0.0
32.900,0.05,9.8,0.0,0.0,9.8,0.0,0.0,-6.1E-4
32.950,0.06,9.9,-0.1,0.0,9.9,0.0,0.0,-6.1E-4
33.000,0.05,9.8,-0.1,0.0,9.8,0.0,0.0,-6.1E-4
33.050,0.03,9.8,0.0,0.0,9.8,0.0,0.0,6.1E-4
33.100,0.04,9.8,-0.1,0.0,9.8,-1.2E-4,0.0,0.0
33.150,0.04,9.8,-0.1,0.0,9.8,0.0,0.0,6.1E-4
33.200,0.04,9.8,-0.1,0.0,9.8,0.0,0.0,-6.1E-4
33.250,0.05,9.8,0.0,0.1,9.8,0.0,0.0,-6.1E-4
33.300,0.05,9.8,-0.1,0.0,9.8,0.0,0.0,0.0
33.350,0.05,9.8,0.0,0.0,9.8,0.0,0.0,-6.1E-4
33.400,0.04,9.8,-0.1,0.0,9.8,0.0,0.0,-6.1E-4
33.450,0.04,9.8,-0.1,0.0,9.8,0.0,0.0,-6.1E-4
33.500,0.04,9.8,-0.1,0.0,9.8,0.0,0.0,-6.1E-4
33.550,0.05,9.8,-0.1,0.0,9.8,0.0,0.0,-6.1E-4
33.600,0.04,9.8,-0.1,0.0,9.8,0.0,0.0,-6.1E-4
33.650,0.05,9.9,0.0,0.1,9.9,0.0,0.0,0.0
33.700,0.04,9.8,-0.2,0.0,9.8,0.0,0.0,0.0
33.750,0.03,9.8,-0.1,0.0,9.8,0.0,0.0,6.1E-4
33.800,0.04,9.8,0.0,0.1,9.8,0.0,0.0,0.0
33.850,0.05,9.8,-0.1,0.0,9.8,0.0,0.0,6.1E-4
33.900,0.05,9.9,-0.1,0.0,9.9,0.0,0.0,0.0
33.950,0.06,9.8,0.0,0.0,9.8,0.0,0.0,6.1E-4
34.000,0.05,9.8,0.0,0.0,9.8,0.0,0.0,-6.1E-4
34.050,0.04,9.8,-0.1,0.0,9.8,0.0,0.0,0.0
34.100,0.05,9.8,-0.1,0.0,9.8,0.0,0.0,6.1E-4
34.150,0.04,9.8,-0.2,0.0,9.8,0.0,0.0,0.0
34.200,0.05,9.8,0.1,0.0,9.8,0.0,0.0,0.0
34.250,0.05,9.8,-0.1,0.0,9.8,0.0,0.0,6.1E-4
34.300,0.05,9.9,-0.1,0.0,9.9,0.0,0.0,-6.1E-4
34.350,0.05,9.8,-0.1,0.0,9.8,0.0,0.0,-6.1E-4
34.400,0.05,9.9,0.0,0.0,9.9,0.0,0.0,6.1E-4
34.450,0.05,9.8,-0.1,0.0,9.8,0.0,0.0,-6.1E-4
34.500,0.05,9.8,-0.1,0.0,9.8,0.0,0.0,0.0
34.550,0.05,9.8,-0.1,0.0,9.8,0.0,0.0,0.0
34.600,0.05,9.8,0.0,0.0,9.8,0.0,0.0,6.1E-4
34.650,0.05,9.8,-0.1,0.0,9.8,0.0,0.0,0.0
34.700,0.05,9.8,-0.1,0.0,9.8,0.0,0.0,-6.1E-4
34.750,0.04,9.8,-0.1,0.0,9.8,0.0,0.0,-6.1E-4
34.800,0.05,9.8,0.0,0.0,9.8,0.0,0.0,-6.1E-4
34.850,0.05,9.8,-0.1,0.0,9.8,0.0,0.0,6.1E-4
34.900,0.05,9.8,-0.1,0.0,9.8,0.0,0.0,0.0
34.950,0.05,9.8,-0.1,0.0,9.8,0.0,0.0,-6.1E-4
35.000,0.05,9.9,0.0,0.0,9.9,0.0,0.0,6.1E-4
35.050,0.06,9.8,-0.1,0.0,9.8,-1.2E-4,0.0,0.0
35.100,0.05,9.8,-0.1,0.0,9.8,0.0,0.0,0.0
35.150,0.05,9.8,0.0,0.0,9.8,0.0,0.0,-6.1E-4
35.200,0.05,9.9,0.0,0.0,9.9,-1.2E-4,0.0,6.1E-4
35.250,0.05,9.8,-0.2,0.0,9.8,0.0,0.0,-6.1E-4
35.300,0.05,9.8,-0.1,0.0,9.8,0.0,0.0,-6.1E-4
35.350,0.05,9.8,-0.1,0.0,9.8,0.0,0.0,0.0
35.400,0.06,9.8,0.0,0.0,9.8,0.0,0.0,-6.1E-4
35.450,0.05,9.8,-0.1,0.0,9.8,0.0,0.0,6.1E-4
35.500,0.06,9.8,-0.1,0.0,9.8,0.0,0.0,-6.1E-4
35.550,0.06,9.8,-0.1,0.0,9.8,0.0,0.0,0.0
35.600,0.06,9.8,0.0,0.0,9.8,0.0,0.0,-6.1E-4
35.650,0.06,9.9,-0.1,0.0,9.9,0.0,0.0,-6.1E-4
35.700,0.05,9.8,-0.1,0.0,9.8,0.0,0.0,0.0
35.750,0.05,9.8,-0.1,0.0,9.8,0.0,0.0,0.0
35.800,0.05,9.9,1.9E-4,0.1,9.9,0.0,0.0,-6.1E-4
35.850,0.05,9.8,-0.1,0.0,9.8,0.0,0.0,-6.1E-4
35.900,0.04,9.8,-0.1,0.0,9.8,0.0,0.0,0.0
35.950,0.04,9.8,0.0,0.0,9.8,0.0,0.0,-6.1E-4
36.000,0.04,9.8,0.0,0.0,9.8,0.0,0.0,0.0
36.050,0.05,9.8,-0.1,0.0,9.8,0.0,0.0,6.1E-4
36.100,0.06,9.8,-0.1,0.0,9.8,0.0,0.0,6.1E-4
36.150,0.05,9.8,-0.1,0.0,9.8,0.0,0.0,0.0
36.200,0.06,9.8,0.0,0.0,9.8,0.0,0.0,6.1E-4
36.250,0.05,9.8,-0.1,0.0,9.8,0.0,0.0,-6.1E-4
36.300,0.06,9.8,-0.1,0.0,9.8,0.0,0.0,0.0
36.350,0.06,9.8,0.0,0.0,9.8,0.0,0.0,6.1E-4
36.400,0.06,9.8,-0.1,0.0,9.8,0.0,0.0,0.0
36.450,0.05,9.8,-0.1,0.0,9.8,0.0,0.0,0.0
36.500,0.06,9.8,-0.1,0.0,9.8,0.0,0.0,6.1E-4
36.550,0.05,9.9,0.0,0.1,9.9,0.0,0.0,0.0
36.600,0.06,9.8,-0.1,0.0,9.8,0.0,0.0,-6.1E-4
36.650,0.06,9.8,-0.1,0.0,9.8,0.0,0.0,6.1E-4
36.700,0.06,9.8,-0.1,0.0,9.8,0.0,0.0,-6.1E-4
36.750,0.06,9.9,0.0,0.0,9.9,0.0,0.0,0.0
36.800,0.04,9.8,-0.1,0.0,9.8,0.0,0.0,-6.1E-4
36.850,0.05,9.8,-0.1,0.0,9.8,0.0,0.0,0.0
36.900,0.04,9.8,0.0,0.0,9.8,0.0,0.0,0.0
36.950,0.04,9.8,-0.1,0.0,9.8,0.0,0.0,-6.1E-4
37.000,0.04,9.8,-0.1,0.0,9.8,0.0,0.0,-6.1E-4
37.050,0.04,9.8,-0.1,0.0,9.8,0.0,0.0,0.0
37.100,0.05,9.8,0.0,0.0,9.8,0.0,0.0,0.0
37.150,0.04,9.8,-0.1,0.0,9.8,0.0,0.0,-6.1E-4
37.200,0.04,9.8,-0.1,0.0,9.8,0.0,0.0,6.1E-4
37.250,0.03,9.8,-0.1,0.0,9.8,0.0,0.0,0.0
37.300,0.04,9.8,0.0,0.0,9.8,0.0,0.0,-6.1E-4
37.350,0.04,9.8,0.0,0.0,9.8,0.0,0.0,-6.1E-4
37.400,0.05,9.8,-0.1,0.0,9.8,0.0,0.0,-6.1E-4
37.450,0.04,9.8,-0.1,0.0,9.8,0.0,0.0,0.0
37.500,0.04,9.8,0.0,0.0,9.8,0.0,0.0,6.1E-4
37.550,0.04,9.8,-0.1,0.0,9.8,0.0,0.0,-6.1E-4
37.600,0.04,9.8,-0.1,0.0,9.8,0.0,0.0,0.0
37.650,0.04,9.8,-0.1,0.0,9.8,0.0,0.0,-6.1E-4
37.700,0.05,9.8,0.0,0.0,9.8,0.0,0.0,-6.1E-4
37.750,0.05,9.8,-0.1,0.0,9.8,0.0,0.0,0.0
37.800,0.04,9.8,-0.1,0.0,9.8,0.0,0.0,-6.1E-4
37.850,0.03,9.8,-0.1,0.0,9.8,0.0,0.0,-6.1E-4
37.900,0.04,9.8,-0.1,0.0,9.8,0.0,0.0,-6.1E-4
37.950,0.05,9.8,-0.1,0.0,9.8,0.0,0.0,6.1E-4
38.000,0.05,9.8,-0.1,0.0,9.8,0.0,0.0,0.0
38.050,0.04,9.8,-0.1,0.0,9.8,0.0,0.0,6.1E-4
38.100,0.04,9.8,0.0,0.0,9.8,0.0,0.0,-6.1E-4
38.150,0.04,9.8,-0.1,0.0,9.8,0.0,0.0,-6.1E-4
38.200,0.02,9.8,-0.1,0.0,9.8,0.0,0.0,0.0
38.250,0.01,9.8,0.0,0.0,9.8,0.0,0.0,6.1E-4
38.300,0.02,9.8,-0.1,0.0,9.8,0.0,0.0,-6.1E-4
38.350,0.04,9.8,-0.1,0.0,9.8,0.0,0.0,-6.1E-4
38.400,0.04,9.8,-0.1,0.0,9.8,0.0,0.0,-6.1E-4
38.450,0.04,9.8,0.0,0.0,9.8,0.0,0.0,-6.1E-4
38.500,0.04,9.8,-0.1,0.0,9.8,0.0,0.0,-6.1E-4
38.550,0.04,9.8,-0.1,0.0,9.8,0.0,0.0,-6.1E-4
38.600,0.04,9.8,-0.1,0.0,9.8,0.0,0.0,-6.1E-4
38.650,0.04,9.8,-0.1,0.0,9.8,0.0,0.0,-6.1E-4
38.700,0.04,9.8,0.0,0.0,9.8,0.0,0.0,6.1E-4
38.750,0.05,9.8,-0.1,0.0,9.8,0.0,0.0,6.1E-4
38.800,0.04,9.8,-0.1,0.0,9.8,0.0,0.0,-6.1E-4
38.850,0.05,9.8,-0.1,0.0,9.8,0.0,0.0,-6.1E-4
38.900,0.05,9.8,-0.1,0.0,9.8,0.0,0.0,-6.1E-4
38.950,0.05,9.8,-0.1,0.0,9.8,0.0,0.0,-6.1E-4
39.000,0.04,9.8,-0.1,0.0,9.8,0.0,0.0,-6.1E-4
39.050,0.04,9.8,-0.1,0.0,9.8,0.0,0.0,-6.1E-4
39.100,0.05,9.8,-0.1,0.0,9.8,0.0,0.0,0.0
39.150,0.05,9.8,-0.1,0.0,9.8,0.0,0.0,6.1E-4
39.200,0.04,9.8,-0.1,0.0,9.8,0.0,0.0,6.1E-4
39.250,0.05,9.8,-0.1,0.0,9.8,0.0,0.0,6.1E-4
39.300,0.04,9.8,-0.1,0.0,9.8,0.0,0.0,-6.1E-4
39.350,0.05,9.8,-0.1,0.0,9.8,0.0,0.0,6.1E-4
39.400,0.04,9.8,-0.1,0.0,9.8,0.0,0.0,-6.1E-4
39.450,0.04,9.8,-0.1,0.0,9.8,0.0,0.0,6.1E-4
39.500,0.04,9.8,-0.1,0.0,9.8,0.0,0.0,6.1E-4
39.550,0.05,9.8,-0.1,0.0,9.8,0.0,0.0,-6.1E-4
39.600,0.05,9.8,-0.1,0.0,9.8,0.0,0.0,0.0
39.650,0.05,9.8,-0.1,0.0,9.8,0.0,0.0,-6.1E-4
39.700,0.05,9.8,-0.1,0.0,9.8,0.0,0.0,-6.1E-4
39.750,0.04,9.8,-0.1,0.0,9.8,0.0,0.0,-6.1E-4
39.800,0.04,9.8,-0.1,0.0,9.8,0.0,0.0,-6.1E-4
39.850,0.05,9.8,0.0,0.0,9.8,0.0,0.0,6.1E-4
39.900,0.05,9.8,-0.1,0.0,9.8,0.0,0.0,6.1E-4
39.950,0.04,9.8,-0.1,0.0,9.8,0.0,0.0,0.0
40.000,0.05,9.8,-0.1,0.0,9.8,0.0,0.0,-6.1E-4
40.050,0.04,9.8,-0.1,0.0,9.8,0.0,0.0,-6.1E-4
40.100,0.04,9.8,-0.1,0.0,9.8,0.0,0.0,-6.1E-4
40.150,0.03,9.8,-0.1,0.0,9.8,0.0,0.0,-6.1E-4
40.200,0.04,9.8,-0.1,0.0,9.8,0.0,0.0,-6.1E-4
40.250,0.04,9.8,-0.1,0.0,9.8,0.0,0.0,-6.1E-4
40.300,0.03,9.8,-0.1,0.0,9.8,0.0,0.0,0.0
40.350,0.04,9.8,-0.1,0.0,9.8,0.0,0.0,-6.1E-4
40.400,0.04,9.8,-0.1,0.0,9.8,0.0,0.0,0.0
40.450,0.04,9.8,-0.1,0.0,9.8,0.0,0.0,6.1E-4
40.500,0.04,9.8,-0.1,0.0,9.8,0.0,0.0,-6.1E-4
40.550,0.04,9.8,-0.1,0.0,9.8,0.0,0.0,0.0
40.600,0.05,9.8,0.0,0.0,9.8,0.0,0.0,6.1E-4
40.650,0.05,9.8,-0.1,0.0,9.8,0.0,0.0,-6.1E-4
40.700,0.04,9.8,-0.1,0.0,9.8,0.0,0.0,6.1E-4
40.750,0.05,9.8,-0.1,0.0,9.8,0.0,0.0,-6.1E-4
40.800,0.04,9.8,-0.1,0.0,9.8,0.0,0.0,-6.1E-4
40.850,0.03,9.8,-0.1,0.0,9.8,0.0,0.0,-6.1E-4
40.900,0.04,9.8,-0.1,0.0,9.8,0.0,0.0,0.0
40.950,0.04,9.8,-0.1,0.0,9.8,0.0,0.0,-6.1E-4
41.000,0.03,9.8,-0.1,0.0,9.8,0.0,0.0,-6.1E-4
41.050,0.03,9.8,-0.1,0.0,9.8,0.0,0.0,-6.1E-4
41.100,0.03,9.8,-0.1,0.0,9.8,0.0,0.0,-6.1E-4
41.150,0.03,9.8,-0.1,0.0,9.8,0.0,0.0,6.1E-4
41.200,0.04,9.8,-0.1,0.0,9.8,0.0,0.0,-6.1E-4
41.250,0.04,9.8,-0.1,0.0,9.8,0.0,0.0,-6.1E-4
41.300,0.03,9.8,-0.1,0.0,9.8,0.0,0.0,-6.1E-4
41.350,0.02,9.8,-0.1,0.0,9.8,0.0,0.0,6.1E-4
41.400,0.04,9.8,-0.1,0.0,9.8,0.0,0.0,-6.1E-4
41.450,0.03,9.8,-0.1,0.0,9.8,0.0,0.0,-6.1E-4
41.500,0.03,9.8,-0.1,0.0,9.8,0.0,0.0,6.1E-4
41.550,0.04,9.8,-0.1,0.0,9.8,0.0,0.0,-6.1E-4
41.600,0.04,9.8,-0.1,0.0,9.8,0.0,0.0,6.1E-4
41.650,0.04,9.8,-0.1,0.0,9.8,0.0,0.0,-6.1E-4
41.700,0.03,9.8,-0.1,0.0,9.8,0.0,0.0,6.1E-4
41.750,0.03,9.8,-0.1,0.0,9.8,0.0,0.0,-6.1E-4
41.800,0.03,9.8,-0.1,0.0,9.8,0.0,0.0,-6.1E-4
41.850,0.02,9.8,-0.1,0.0,9.8,0.0,0.0,-6.1E-4
41.900,0.03,9.8,-0.1,0.0,9.8,0.0,0.0,6.1E-4
41.950,0.02,9.8,-0.1,0.0,9.8,0.0,0.0,0.0
42.000,0.04,9.8,0.0,0.0,9.8,0.0,0.0,-6.1E-4
42.050,0.02,9.8,-0.1,0.0,9.8,0.0,0.0,6.1E-4
42.100,0.03,9.8,-0.1,0.0,9.8,0.0,0.0,6.1E-4
42.150,0.03,9.8,-0.1,0.0,9.8,0.0,0.0,6.1E-4
42.200,0.04,9.8,-0.1,0.0,9.8,0.0,0.0,-6.1E-4
42.250,0.04,9.8,-0.1,0.0,9.8,0.0,0.0,-6.1E-4
42.300,0.04,9.8,-0.1,0.0,9.8,0.0,0.0,6.1E-4
42.350,0.03,9.8,-0.1,0.0,9.8,0.0,0.0,-6.1E-4
42.400,0.02,9.8,-0.1,0.0,9.8,0.0,0.0,-6.1E-4
42.450,0.03,9.8,-0.1,0.0,9.8,0.0,0.0,-6.1E-4
42.500,0.03,9.8,-0.1,0.0,9.8,0.0,0.0,-6.1E-4
42.550,0.04,9.8,-0.1,0.0,9.8,0.0,0.0,-6.1E-4
42.600,0.04,9.8,-0.1,0.0,9.8,0.0,0.0,-6.1E-4
42.650,0.04,9.8,-0.1,0.0,9.8,0.0,0.0,-6.1E-4
42.700,0.05,9.8,-0.1,0.0,9.8,0.0,0.0,-6.1E-4
42.750,0.04,9.8,-0.1,0.0,9.8,0.0,0.0,-6.1E-4
42.800,0.04,9.8,-0.1,0.0,9.8,0.0,0.0,-6.1E-4
42.850,0.05,9.8,-0.1,0.0,9.8,0.0,0.0,-6.1E-4
42.900,0.04,9.8,-0.1,0.0,9.8,0.0,0.0,6.1E-4
42.950,0.03,9.8,-0.1,0.0,9.8,0.0,0.0,6.1E-4
43.000,0.05,9.8,-0.1,0.0,9.8,0.0,0.0,-6.1E-4
43.050,0.03,9.8,-0.1,0.0,9.8,0.0,0.0,-6.1E-4
43.100,0.04,9.8,-0.1,0.0,9.8,0.0,0.0,0.0
43.150,0.05,9.8,-0.1,0.0,9.8,0.0,0.0,-6.1E-4
43.200,0.05,9.8,-0.1,0.0,9.8,0.0,0.0,6.1E-4
43.250,0.05,9.8,-0.1,0.0,9.8,0.0,0.0,-6.1E-4
43.300,0.04,9.8,-0.1,0.0,9.8,0.0,0.0,6.1E-4
43.350,0.04,9.8,-0.1,0.0,9.8,0.0,0.0,-6.1E-4
43.400,0.04,9.8,-0.1,0.0,9.8,0.0,0.0,6.1E-4
43.450,0.04,9.8,-0.1,0.0,9.8,0.0,0.0,-6.1E-4
43.500,0.05,9.8,-0.1,0.0,9.8,0.0,0.0,6.1E-4
43.550,0.04,9.8,-0.1,0.0,9.8,0.0,0.0,0.0
43.600,0.05,9.8,-0.1,0.0,9.8,0.0,0.0,6.1E-4
43.650,0.05,9.8,-0.1,0.0,9.8,0.0,0.0,-6.1E-4
43.700,0.05,9.8,-0.1,0.0,9.8,0.0,0.0,-6.1E-4
43.750,0.06,9.8,-0.1,0.0,9.8,0.0,0.0,-6.1E-4
43.800,0.05,9.8,-0.1,0.0,9.8,0.0,0.0,6.1E-4
43.850,0.05,9.8,-0.1,0.0,9.8,0.0,0.0,0.0
43.900,0.06,9.8,-0.1,0.0,9.8,0.0,0.0,-6.1E-4
43.950,0.04,9.8,-0.1,0.0,9.8,0.0,0.0,-6.1E-4
44.000,0.05,9.8,-0.1,0.0,9.8,0.0,0.0,-6.1E-4
44.050,0.05,9.8,-0.1,0.0,9.8,0.0,0.0,0.0
44.100,0.05,9.8,-0.1,0.0,9.8,0.0,0.0,0.0
44.150,0.05,9.8,-0.1,0.0,9.8,0.0,0.0,0.0
44.200,0.05,9.8,-0.1,0.0,9.8,0.0,0.0,-6.1E-4
44.250,0.05,9.8,-0.1,0.0,9.8,0.0,0.0,0.0
44.300,0.05,9.8,-0.1,0.0,9.8,0.0,0.0,-6.1E-4
44.350,0.05,9.8,-0.1,0.0,9.8,0.0,0.0,-6.1E-4
44.400,0.05,9.8,-0.1,0.0,9.8,0.0,0.0,0.0
44.450,0.05,9.8,-0.1,0.0,9.8,0.0,0.0,6.1E-4
44.500,0.05,9.8,-0.1,0.0,9.8,0.0,0.0,-6.1E-4
44.550,0.05,9.8,-0.1,0.0,9.8,0.0,0.0,-6.1E-4
44.600,0.06,9.8,-0.1,0.0,9.8,0.0,0.0,-6.1E-4
44.650,0.05,9.8,-0.1,0.0,9.8,0.0,0.0,-6.1E-4
44.700,0.05,9.8,-0.1,0.0,9.8,0.0,0.0,-6.1E-4
44.750,0.04,9.8,-0.1,0.0,9.8,0.0,0.0,-6.1E-4
44.800,0.05,9.8,-0.1,0.0,9.8,0.0,0.0,-6.1E-4
44.850,0.05,9.8,-0.1,0.0,9.8,0.0,0.0,-6.1E-4
44.900,0.05,9.8,-0.1,0.0,9.8,0.0,0.0,0.0
44.950,0.05,9.8,-0.1,0.0,9.8,0.0,0.0,-6.1E-4
45.000,0.05,9.8,-0.1,0.0,9.8,0.0,0.0,-6.1E-4
45.050,0.05,9.8,-0.1,0.0,9.8,0.0,0.0,-6.1E-4
45.100,0.05,9.8,-0.1,0.0,9.8,0.0,0.0,6.1E-4
45.150,0.05,9.8,-0.1,0.0,9.8,0.0,0.0,-6.1E-4
45.200,0.04,9.8,-0.1,0.0,9.8,0.0,0.0,-6.1E-4
45.250,0.05,9.8,-0.1,0.0,9.8,0.0,0.0,0.0
45.300,0.05,9.8,-0.1,0.0,9.8,0.0,0.0,-6.1E-4
45.350,0.04,9.8,-0.1,0.0,9.8,0.0,0.0,-6.1E-4
45.400,0.05,9.8,-0.1,0.0,9.8,0.0,0.0,0.0
45.450,0.05,9.8,-0.1,0.0,9.8,0.0,0.0,0.0
45.500,0.05,9.8,-0.1,0.0,9.8,0.0,0.0,-6.1E-4
45.550,0.05,9.8,-0.1,0.0,9.8,0.0,0.0,-6.1E-4
45.600,0.05,9.8,-0.1,0.0,9.8,0.0,0.0,-6.1E-4
45.650,0.04,9.8,-0.1,0.0,9.8,0.0,0.0,-6.1E-4
45.700,0.04,9.8,-0.1,0.0,9.8,0.0,0.0,-6.1E-4
45.750,0.05,9.8,-0.1,0.0,9.8,0.0,0.0,6.1E-4
45.800,0.05,9.8,-0.1,0.0,9.8,0.0,0.0,-6.1E-4
45.850,0.04,9.8,-0.1,0.0,9.8,0.0,0.0,-6.1E-4
45.900,0.04,9.8,-0.1,0.0,9.8,0.0,0.0,-6.1E-4
45.950,0.05,9.8,-0.1,0.0,9.8,0.0,0.0,-6.1E-4
46.000,0.05,9.8,0.0,0.0,9.8,0.0,0.0,-6.1E-4
46.050,0.05,9.8,-0.1,0.0,9.8,0.0,0.0,-6.1E-4
46.100,0.05,9.8,-0.1,0.0,9.8,0.0,0.0,6.1E-4
46.150,0.05,9.8,-0.1,0.0,9.8,0.0,0.0,-6.1E-4
46.200,0.05,9.8,-0.1,0.0,9.8,0.0,0.0,0.0
46.250,0.06,9.8,-0.1,0.0,9.8,0.0,0.0,-6.1E-4
46.300,0.05,9.8,-0.1,0.0,9.8,0.0,0.0,-6.1E-4
46.350,0.05,9.8,-0.1,0.0,9.8,0.0,0.0,-6.1E-4
46.400,0.04,9.8,-0.1,0.0,9.8,0.0,0.0,-6.1E-4
46.450,0.05,9.8,-0.1,0.0,9.8,0.0,0.0,-6.1E-4
46.500,0.04,9.8,-0.1,0.0,9.8,0.0,0.0,-6.1E-4
46.550,0.06,9.8,-0.1,0.0,9.8,0.0,0.0,-6.1E-4
46.600,0.05,9.8,-0.1,0.0,9.8,0.0,0.0,-6.1E-4
46.650,0.05,9.8,-0.1,0.0,9.8,0.0,0.0,-6.1E-4
46.700,0.05,9.8,-0.1,0.0,9.8,0.0,0.0,-6.1E-4
46.750,0.04,9.8,-0.1,0.0,9.8,0.0,0.0,0.0
46.800,0.04,9.8,-0.1,0.0,9.8,0.0,0.0,-6.1E-4
46.850,0.04,9.8,-0.1,0.0,9.8,0.0,0.0,-6.1E-4
46.900,0.04,9.8,-0.1,0.0,9.8,0.0,0.0,-6.1E-4
46.950,0.04,9.8,-0.1,0.0,9.8,0.0,0.0,-6.1E-4
47.000,0.04,9.8,-0.1,0.0,9.8,0.0,0.0,0.0
47.050,0.05,9.8,-0.1,0.0,9.8,0.0,0.0,-6.1E-4
47.100,0.04,9.8,-0.1,0.0,9.8,0.0,0.0,-6.1E-4
47.150,0.04,9.8,-0.1,0.0,9.8,0.0,0.0,0.0
47.200,0.04,9.8,-0.1,0.0,9.8,0.0,0.0,-6.1E-4
47.250,0.05,9.8,0.0,0.0,9.8,0.0,0.0,-6.1E-4
47.300,0.05,9.8,-0.1,0.0,9.8,0.0,0.0,-6.1E-4
47.350,0.05,9.8,-0.1,0.0,9.8,0.0,0.0,0.0
47.400,0.04,9.8,-0.1,0.0,9.8,0.0,0.0,-6.1E-4
47.450,0.05,9.8,-0.1,0.0,9.8,0.0,0.0,6.1E-4
47.500,0.05,9.8,-0.1,0.0,9.8,0.0,0.0,-6.1E-4
47.550,0.04,9.8,-0.1,0.0,9.8,0.0,0.0,-6.1E-4
47.600,0.04,9.8,-0.1,0.0,9.8,0.0,0.0,-6.1E-4
47.650,0.04,9.8,-0.1,0.0,9.8,0.0,0.0,6.1E-4
47.700,0.05,9.8,-0.1,0.0,9.8,0.0,0.0,-6.1E-4
47.750,0.05,9.8,-0.1,0.0,9.8,0.0,0.0,6.1E-4
47.800,0.04,9.8,-0.1,0.0,9.8,0.0,0.0,-6.1E-4
47.850,0.04,9.8,-0.1,0.0,9.8,0.0,0.0,0.0
47.900,0.03,9.8,-0.1,0.0,9.8,0.0,0.0,-6.1E-4
47.950,0.04,9.8,-0.1,0.0,9.8,0.0,0.0,0.0
48.000,0.05,9.8,-0.1,0.0,9.8,0.0,0.0,0.0
48.050,0.05,9.8,-0.1,0.0,9.8,0.0,0.0,-6.1E-4
48.100,0.04,9.8,-0.1,0.0,9.8,0.0,0.0,6.1E-4
48.150,0.04,9.8,-0.1,0.0,9.8,0.0,0.0,-6.1E-4
48.200,0.04,9.8,-0.1,0.0,9.8,0.0,0.0,-6.1E-4
48.250,0.05,9.8,-0.1,0.0,9.8,0.0,0.0,0.0
48.300,0.04,9.8,-0.1,0.0,9.8,0.0,0.0,-6.1E-4
48.350,0.04,9.8,-0.1,0.0,9.8,0.0,0.0,0.0
48.400,0.04,9.8,-0.1,0.0,9.8,0.0,0.0,-6.1E-4
48.450,0.04,9.8,-0.1,0.0,9.8,0.0,0.0,0.0
48.500,0.05,9.8,-0.1,0.0,9.8,0.0,0.0,-6.1E-4
48.550,0.04,9.8,-0.1,0.0,9.8,0.0,0.0,6.1E-4
48.600,0.05,9.8,-0.1,0.0,9.8,0.0,0.0,-6.1E-4
48.650,0.05,9.8,-0.1,0.0,9.8,0.0,0.0,6.1E-4
48.700,0.05,9.8,-0.1,0.0,9.8,0.0,0.0,0.0
48.750,0.05,9.8,-0.1,0.0,9.8,0.0,0.0,-6.1E-4
48.800,0.04,9.8,-0.1,0.0,9.8,0.0,0.0,-6.1E-4
48.850,0.05,9.8,-0.1,0.0,9.8,0.0,0.0,-6.1E-4
48.900,0.05,9.8,-0.1,0.0,9.8,0.0,0.0,-6.1E-4
48.950,0.04,9.8,-0.1,0.0,9.8,0.0,0.0,6.1E-4
49.000,0.04,9.8,-0.1,0.0,9.8,0.0,0.0,0.0
49.050,0.04,9.8,-0.1,0.0,9.8,0.0,0.0,6.1E-4
49.100,0.04,9.8,-0.1,0.0,9.8,0.0,0.0,-6.1E-4
49.150,0.04,9.8,-0.1,0.0,9.8,0.0,0.0,6.1E-4
49.200,0.04,9.8,-0.1,0.0,9.8,0.0,0.0,-6.1E-4
49.250,0.04,9.8,-0.1,0.0,9.8,0.0,0.0,-6.1E-4
49.300,0.05,9.8,-0.1,0.0,9.8,0.0,0.0,-6.1E-4
49.350,0.04,9.8,-0.1,0.0,9.8,0.0,0.0,-6.1E-4
49.400,0.04,9.8,-0.1,0.0,9.8,0.0,0.0,-6.1E-4
49.450,0.04,9.8,0.0,0.0,9.8,0.0,0.0,-6.1E-4
49.500,0.04,9.8,-0.1,0.0,9.8,0.0,0.0,-6.1E-4
49.550,0.05,9.8,-0.1,0.0,9.8,0.0,0.0,-6.1E-4
49.600,0.04,9.8,-0.1,0.0,9.8,0.0,0.0,6.1E-4
49.650,0.04,9.8,-0.1,0.0,9.8,0.0,0.0,0.0
49.700,0.03,9.8,-0.1,0.0,9.8,0.0,0.0,-6.1E-4
49.750,0.04,9.8,-0.1,0.0,9.8,0.0,0.0,-6.1E-4
49.800,0.03,9.8,-0.1,0.0,9.8,0.0,0.0,-6.1E-4
49.850,0.03,9.8,-0.1,0.0,9.8,0.0,0.0,-6.1E-4
49.900,0.04,9.8,-0.1,0.0,9.8,0.0,0.0,6.1E-4
49.950,0.04,9.8,-0.1,0.0,9.8,0.0,0.0,-6.1E-4
50.000,0.05,9.8,-0.1,0.0,9.8,0.0,0.0,-6.1E-4
50.050,0.04,9.8,-0.1,0.0,9.8,0.0,0.0,0.0
50.100,0.03,9.8,-0.1,0.0,9.8,0.0,0.0,-6.1E-4
50.150,0.04,9.8,-0.1,0.0,9.8,0.0,0.0,-6.1E-4
50.200,0.04,9.8,-0.1,0.0,9.8,0.0,0.0,-6.1E-4
50.250,0.04,9.8,-0.1,0.0,9.8,0.0,0.0,0.0
50.300,0.04,9.8,-0.1,0.0,9.8,0.0,0.0,0.0
50.350,0.05,9.8,-0.1,0.0,9.8,0.0,0.0,-6.1E-4
50.400,0.04,9.8,-0.1,0.0,9.8,0.0,0.0,-6.1E-4
50.450,0.03,9.8,-0.1,0.0,9.8,0.0,0.0,0.0
50.500,0.03,9.8,-0.1,0.0,9.8,0.0,0.0,-6.1E-4
50.550,0.03,9.8,-0.1,0.0,9.8,0.0,0.0,6.1E-4
50.600,0.04,9.8,-0.1,0.0,9.8,0.0,0.0,-6.1E-4
50.650,0.05,9.8,-0.1,0.0,9.8,0.0,0.0,-6.1E-4
50.700,0.04,9.8,-0.1,0.0,9.8,0.0,0.0,-6.1E-4
50.750,0.04,9.8,-0.1,0.0,9.8,0.0,0.0,-6.1E-4
50.800,0.04,9.8,-0.1,0.0,9.8,0.0,0.0,-6.1E-4
50.850,0.03,9.8,-0.1,0.0,9.8,0.0,0.0,-6.1E-4
50.900,0.04,9.8,-0.1,0.0,9.8,0.0,0.0,-6.1E-4
50.950,0.04,9.8,-0.1,0.0,9.8,0.0,0.0,-6.1E-4
51.000,0.04,9.8,-0.1,0.0,9.8,0.0,0.0,-6.1E-4
51.050,0.05,9.8,-0.1,0.0,9.8,0.0,0.0,-6.1E-4
51.100,0.05,9.8,-0.1,0.0,9.8,0.0,0.0,-6.1E-4
51.150,0.05,9.8,-0.1,0.0,9.8,0.0,0.0,-6.1E-4
51.200,0.05,9.8,-0.1,0.0,9.8,0.0,0.0,6.1E-4
51.250,0.04,9.8,-0.1,0.0,9.8,0.0,0.0,-6.1E-4
51.300,0.05,9.8,-0.1,0.0,9.8,0.0,0.0,-6.1E-4
51.350,0.04,9.8,-0.1,0.0,9.8,0.0,0.0,-6.1E-4
51.400,0.02,9.8,-0.1,0.0,9.8,0.0,0.0,-6.1E-4
51.450,0.04,9.8,-0.1,0.0,9.8,0.0,0.0,6.1E-4
51.500,0.04,9.8,-0.1,0.0,9.8,0.0,0.0,6.1E-4
51.550,0.04,9.8,-0.1,0.0,9.8,0.0,0.0,6.1E-4
51.600,0.05,9.8,-0.1,0.0,9.8,0.0,0.0,0.0
51.650,0.04,9.8,-0.1,0.0,9.8,0.0,0.0,6.1E-4
51.700,0.05,9.8,-0.1,0.0,9.8,0.0,0.0,-6.1E-4
51.750,0.05,9.8,-0.1,0.0,9.8,0.0,0.0,6.1E-4
51.800,0.04,9.8,-0.1,0.0,9.8,0.0,0.0,6.1E-4
51.850,0.04,9.8,-0.1,0.0,9.8,0.0,0.0,-6.1E-4
51.900,0.05,9.8,0.0,0.0,9.8,0.0,0.0,-6.1E-4
51.950,0.05,9.8,-0.1,0.0,9.8,0.0,0.0,-6.1E-4
52.000,0.05,9.8,-0.1,0.0,9.8,0.0,0.0,-6.1E-4
52.050,0.05,9.8,-0.1,0.0,9.8,0.0,0.0,-6.1E-4
52.100,0.04,9.8,-0.1,0.0,9.8,0.0,0.0,-6.1E-4
52.150,0.05,9.8,-0.1,0.0,9.8,0.0,0.0,6.1E-4
52.200,0.04,9.8,-0.1,0.0,9.8,0.0,0.0,-6.1E-4
52.250,0.05,9.8,-0.1,0.0,9.8,0.0,0.0,0.0
52.300,0.04,9.8,-0.1,0.0,9.8,0.0,0.0,-6.1E-4
52.350,0.05,9.8,-0.1,0.0,9.8,0.0,0.0,-6.1E-4
52.400,0.05,9.8,-0.1,0.0,9.8,0.0,0.0,-6.1E-4
52.450,0.04,9.8,-0.1,0.0,9.8,0.0,0.0,-6.1E-4
52.500,0.04,9.8,-0.1,0.0,9.8,0.0,0.0,6.1E-4
52.550,0.04,9.8,-0.1,0.0,9.8,0.0,0.0,6.1E-4
52.600,0.05,9.8,-0.1,0.0,9.8,0.0,0.0,6.1E-4
52.650,0.05,9.8,-0.1,0.0,9.8,0.0,0.0,6.1E-4
52.700,0.04,9.8,-0.1,0.0,9.8,0.0,0.0,-6.1E-4
52.750,0.05,9.8,-0.1,0.0,9.8,0.0,0.0,-6.1E-4
52.800,0.04,9.8,-0.1,0.0,9.8,0.0,0.0,-6.1E-4
52.850,0.06,9.8,-0.1,0.0,9.8,0.0,0.0,0.0
52.900,0.05,9.8,-0.1,0.0,9.8,0.0,0.0,-6.1E-4
52.950,0.05,9.8,-0.1,0.0,9.8,0.0,0.0,-6.1E-4
53.000,0.05,9.8,-0.1,0.0,9.8,0.0,0.0,0.0
53.050,0.04,9.8,-0.1,0.0,9.8,0.0,0.0,6.1E-4
53.100,0.05,9.8,-0.1,0.0,9.8,0.0,0.0,-6.1E-4
53.150,0.05,9.8,-0.1,0.0,9.8,0.0,0.0,-6.1E-4
53.200,0.04,9.8,-0.1,0.0,9.8,0.0,0.0,-6.1E-4
53.250,0.05,9.8,-0.1,0.0,9.8,0.0,0.0,-6.1E-4
53.300,0.04,9.8,-0.1,0.0,9.8,0.0,0.0,0.0
53.350,0.05,9.8,-0.1,0.0,9.8,0.0,0.0,-6.1E-4
53.400,0.05,9.8,-0.1,0.0,9.8,0.0,0.0,0.0
53.450,0.04,9.8,-0.1,0.0,9.8,0.0,0.0,6.1E-4
53.500,0.05,9.8,-0.1,0.0,9.8,0.0,0.0,6.1E-4
53.550,0.04,9.8,-0.1,0.0,9.8,0.0,0.0,-6.1E-4
53.600,0.03,9.8,-0.1,0.0,9.8,0.0,0.0,6.1E-4
53.650,0.04,9.8,-0.1,0.0,9.8,0.0,0.0,-6.1E-4
53.700,0.04,9.8,-0.1,0.0,9.8,0.0,0.0,0.0
53.750,0.05,9.8,-0.1,0.0,9.8,0.0,0.0,-6.1E-4
53.800,0.04,9.8,-0.1,0.0,9.8,0.0,0.0,-6.1E-4
53.850,0.05,9.8,-0.1,0.0,9.8,0.0,0.0,-6.1E-4
53.900,0.04,9.8,-0.1,0.0,9.8,0.0,0.0,0.0
53.950,0.02,9.8,-0.1,0.0,9.8,0.0,0.0,6.1E-4
54.000,0.03,9.8,-0.1,0.0,9.8,0.0,0.0,-6.1E-4
54.050,0.04,9.8,-0.1,0.0,9.8,0.0,0.0,-6.1E-4
54.100,0.03,9.8,-0.1,0.0,9.8,0.0,0.0,-6.1E-4
54.150,0.03,9.8,-0.1,0.0,9.8,0.0,0.0,-6.1E-4
54.200,0.03,9.8,-0.1,0.0,9.8,0.0,0.0,0.0
54.250,0.03,9.8,-0.1,0.0,9.8,0.0,0.0,-6.1E-4
54.300,0.04,9.8,-0.1,0.0,9.8,0.0,0.0,-6.1E-4
54.350,0.04,9.8,-0.1,0.0,9.8,0.0,0.0,-6.1E-4
54.400,0.03,9.8,-0.1,0.0,9.8,0.0,0.0,-6.1E-4
54.450,0.04,9.8,-0.1,0.0,9.8,0.0,0.0,-6.1E-4
54.500,0.03,9.8,-0.1,0.0,9.8,0.0,0.0,6.1E-4
54.550,0.04,9.8,-0.1,0.0,9.8,0.0,0.0,-6.1E-4
54.600,0.03,9.8,-0.1,0.0,9.8,0.0,0.0,-6.1E-4
54.650,0.03,9.8,-0.1,0.0,9.8,0.0,0.0,0.0
54.700,0.04,9.8,-0.1,0.0,9.8,0.0,0.0,6.1E-4
54.750,0.05,9.8,-0.1,0.0,9.8,0.0,0.0,-6.1E-4
54.800,0.04,9.8,-0.1,0.0,9.8,0.0,0.0,-6.1E-4
54.850,0.03,9.8,-0.1,0.0,9.8,0.0,0.0,6.1E-4
54.900,0.03,9.8,-0.1,0.0,9.8,0.0,0.0,-6.1E-4
54.950,0.05,9.8,-0.1,0.0,9.8,0.0,0.0,-6.1E-4
55.000,0.04,9.8,-0.1,0.0,9.8,0.0,0.0,-6.1E-4
55.050,0.05,9.8,-0.1,0.0,9.8,0.0,0.0,-6.1E-4
55.100,0.04,9.8,-0.1,0.0,9.8,0.0,0.0,-6.1E-4
55.150,0.05,9.8,-0.1,0.0,9.8,0.0,0.0,-6.1E-4
55.200,0.05,9.8,-0.1,0.0,9.8,0.0,0.0,-6.1E-4
55.250,0.04,9.8,-0.1,0.0,9.8,0.0,0.0,-6.1E-4
55.300,0.04,9.8,-0.1,0.0,9.8,0.0,0.0,-6.1E-4
55.350,0.05,9.8,-0.1,0.0,9.8,0.0,0.0,6.1E-4
55.400,0.05,9.8,-0.1,0.0,9.8,0.0,0.0,-6.1E-4
55.450,0.05,9.8,-0.1,0.0,9.8,0.0,0.0,6.1E-4
55.500,0.05,9.8,-0.1,0.0,9.8,0.0,0.0,-6.1E-4
55.550,0.05,9.8,-0.1,0.0,9.8,0.0,0.0,-6.1E-4
55.600,0.05,9.8,-0.1,0.0,9.8,0.0,0.0,-6.1E-4
55.650,0.05,9.8,-0.1,0.0,9.8,0.0,0.0,-6.1E-4
55.700,0.06,9.8,-0.1,0.0,9.8,0.0,0.0,-6.1E-4
55.750,0.06,9.8,-0.1,0.0,9.8,0.0,0.0,-6.1E-4
55.800,0.05,9.8,-0.1,0.0,9.8,0.0,0.0,6.1E-4
55.850,0.05,9.8,-0.1,0.0,9.8,0.0,0.0,-6.1E-4
55.900,0.05,9.8,-0.1,0.0,9.8,0.0,0.0,0.0
55.950,0.05,9.8,-0.1,0.0,9.8,0.0,0.0,-6.1E-4
56.000,0.06,9.8,-0.1,0.0,9.8,0.0,0.0,6.1E-4
56.050,0.05,9.8,-0.1,0.0,9.8,0.0,0.0,0.0
56.100,0.04,9.8,-0.1,0.0,9.8,0.0,0.0,-6.1E-4
56.150,0.05,9.8,-0.1,0.0,9.8,0.0,0.0,6.1E-4
56.200,0.05,9.8,-0.1,0.0,9.8,0.0,0.0,-6.1E-4
56.250,0.05,9.8,-0.1,0.0,9.8,0.0,0.0,-6.1E-4
56.300,0.03,9.8,-0.1,0.0,9.8,0.0,0.0,0.0
56.350,0.03,9.8,-0.1,0.0,9.8,0.0,0.0,-6.1E-4
56.400,0.03,9.8,-0.1,0.0,9.8,0.0,0.0,-6.1E-4
56.450,0.03,9.8,-0.1,0.0,9.8,0.0,0.0,0.0
56.500,0.01,9.8,-0.1,0.0,9.8,0.0,0.0,6.1E-4
56.550,0.03,9.8,-0.1,0.0,9.8,0.0,0.0,6.1E-4
56.600,0.04,9.8,-0.1,0.0,9.8,0.0,0.0,-6.1E-4
56.650,0.02,9.8,-0.1,0.0,9.8,0.0,0.0,-6.1E-4
56.700,0.02,9.8,-0.1,0.0,9.8,0.0,0.0,-6.1E-4
56.750,0.02,9.8,-0.1,0.0,9.8,0.0,0.0,-6.1E-4
56.800,0.03,9.8,-0.1,0.0,9.8,0.0,0.0,-6.1E-4
56.850,0.03,9.8,0.0,0.0,9.8,0.0,0.0,-6.1E-4
56.900,0.05,9.8,-0.1,0.0,9.8,0.0,0.0,-6.1E-4
56.950,0.04,9.8,-0.1,0.0,9.8,0.0,0.0,-6.1E-4
57.000,0.03,9.8,-0.1,0.0,9.8,0.0,0.0,6.1E-4
57.050,0.03,9.8,-0.1,0.0,9.8,0.0,0.0,-6.1E-4
57.100,0.04,9.8,-0.1,0.0,9.8,0.0,0.0,6.1E-4
57.150,0.04,9.8,-0.1,0.0,9.8,0.0,0.0,0.0
57.200,0.04,9.8,-0.1,0.0,9.8,0.0,0.0,6.1E-4
57.250,0.04,9.8,-0.1,0.0,9.8,0.0,0.0,0.0
57.300,0.04,9.8,-0.1,0.0,9.8,0.0,0.0,0.0
57.350,0.04,9.8,-0.1,0.0,9.8,0.0,0.0,-6.1E-4
57.400,0.04,9.8,-0.1,0.0,9.8,0.0,0.0,0.0
57.450,0.05,9.8,-0.1,0.0,9.8,0.0,0.0,0.0
57.500,0.04,9.8,-0.1,0.0,9.8,0.0,0.0,0.0
57.550,0.05,9.8,-0.1,0.0,9.8,0.0,0.0,-6.1E-4
57.600,0.05,9.8,-0.1,0.0,9.8,0.0,0.0,-6.1E-4
57.650,0.04,9.8,-0.1,0.0,9.8,0.0,0.0,6.1E-4
57.700,0.04,9.8,-0.1,0.0,9.8,0.0,0.0,0.0
57.750,0.05,9.8,-0.1,0.0,9.8,0.0,0.0,-6.1E-4
57.800,0.04,9.8,-0.1,0.0,9.8,0.0,0.0,-6.1E-4
57.850,0.05,9.8,0.0,0.0,9.8,0.0,0.0,-6.1E-4
57.900,0.05,9.8,-0.1,0.0,9.8,0.0,0.0,-6.1E-4
57.950,0.04,9.8,-0.1,0.0,9.8,0.0,0.0,-6.1E-4
58.000,0.04,9.8,-0.1,0.0,9.8,0.0,0.0,0.0
58.050,0.05,9.8,-0.1,0.0,9.8,0.0,0.0,-6.1E-4
58.100,0.03,9.8,-0.1,0.0,9.8,0.0,0.0,-6.1E-4
58.150,0.03,9.8,-0.1,0.0,9.8,0.0,0.0,-6.1E-4
58.200,0.02,9.8,-0.1,0.0,9.8,0.0,0.0,-6.1E-4
58.250,0.02,9.8,-0.1,0.0,9.8,0.0,0.0,-6.1E-4
58.300,0.05,9.8,-0.1,0.0,9.8,0.0,0.0,-6.1E-4
58.350,0.04,9.8,-0.1,0.0,9.8,0.0,0.0,-6.1E-4
58.400,0.04,9.8,-0.1,0.0,9.8,0.0,0.0,-6.1E-4
58.450,0.04,9.8,-0.1,0.0,9.8,0.0,0.0,6.1E-4
58.500,0.04,9.8,-0.1,0.0,9.8,0.0,0.0,-6.1E-4
58.550,0.04,9.8,-0.1,0.0,9.8,0.0,0.0,0.0
58.600,0.04,9.8,-0.1,0.0,9.8,0.0,0.0,-6.1E-4
58.650,0.04,9.8,-0.1,0.0,9.8,0.0,0.0,6.1E-4
58.700,0.04,9.8,-0.1,0.0,9.8,0.0,0.0,-6.1E-4
58.750,0.04,9.8,-0.1,0.0,9.8,0.0,0.0,-6.1E-4
58.800,0.03,9.8,-0.1,0.0,9.8,0.0,0.0,-6.1E-4
58.850,0.04,9.8,-0.1,0.0,9.8,0.0,0.0,0.0
58.900,0.04,9.8,-0.1,0.0,9.8,0.0,0.0,-6.1E-4
58.950,0.02,9.8,-0.1,0.0,9.8,0.0,0.0,-6.1E-4
59.000,0.04,9.8,-0.1,0.0,9.8,0.0,0.0,-6.1E-4
59.050,0.04,9.8,-0.1,0.0,9.8,0.0,0.0,-6.1E-4
59.100,0.04,9.8,-0.1,0.0,9.8,0.0,0.0,6.1E-4
59.150,0.03,9.8,-0.1,0.0,9.8,0.0,0.0,-6.1E-4
59.200,0.03,9.8,-0.1,0.0,9.8,0.0,0.0,0.0
59.250,0.04,9.8,-0.1,0.0,9.8,0.0,0.0,-6.1E-4
59.300,0.03,9.8,-0.1,0.0,9.8,0.0,0.0,-6.1E-4
59.350,0.04,9.8,-0.1,0.0,9.8,0.0,0.0,-6.1E-4
59.400,0.03,9.8,-0.1,0.0,9.8,0.0,0.0,-6.1E-4
59.450,0.03,9.8,-0.1,0.0,9.8,0.0,0.0,6.1E-4
59.500,0.04,9.8,-0.1,0.0,9.8,0.0,0.0,-6.1E-4
59.550,0.04,9.8,-0.1,0.0,9.8,0.0,0.0,-6.1E-4
59.600,0.03,9.8,-0.1,0.0,9.8,0.0,0.0,-6.1E-4
59.650,0.03,9.8,-0.1,0.0,9.8,0.0,0.0,-6.1E-4
59.700,0.04,9.8,-0.1,0.0,9.8,0.0,0.0,-6.1E-4
59.750,0.04,9.8,-0.1,0.0,9.8,0.0,0.0,-6.1E-4
59.800,0.04,9.8,-0.1,0.0,9.8,0.0,0.0,-6.1E-4
59.850,0.03,9.8,-0.1,0.0,9.8,0.0,0.0,-6.1E-4
59.900,0.02,9.8,-0.1,0.0,9.8,0.0,0.0,-6.1E-4
59.950,0.03,9.8,-0.1,0.0,9.8,0.0,0.0,-6.1E-4
60.000,0.04,9.8,-0.1,0.0,9.8,0.0,0.0,-6.1E-4
60.050,0.04,9.8,-0.1,0.0,9.8,0.0,0.0,-6.1E-4
60.100,0.05,9.8,-0.1,0.0,9.8,0.0,0.0,0.0
60.150,0.04,9.8,-0.1,0.0,9.8,0.0,0.0,-6.1E-4
60.200,0.04,9.8,-0.1,0.0,9.8,0.0,0.0,-6.1E-4
60.250,0.05,9.8,-0.1,0.0,9.8,0.0,0.0,0.0
60.300,0.05,9.8,-0.1,0.0,9.8,0.0,0.0,-6.1E-4
60.350,0.05,9.8,-0.1,0.0,9.8,0.0,0.0,-6.1E-4
60.400,0.04,9.8,-0.1,0.0,9.8,0.0,0.0,0.0
60.450,0.05,9.8,-0.1,0.0,9.8,0.0,0.0,-6.1E-4
60.500,0.04,9.8,-0.1,0.0,9.8,0.0,0.0,-6.1E-4
60.550,0.05,9.8,-0.1,0.0,9.8,0.0,0.0,-6.1E-4
60.600,0.05,9.8,-0.1,0.0,9.8,0.0,0.0,6.1E-4
60.650,0.05,9.8,-0.1,0.0,9.8,0.0,0.0,-6.1E-4
60.700,0.05,9.8,-0.1,0.0,9.8,0.0,0.0,-6.1E-4
60.750,0.06,9.8,-0.1,0.0,9.8,0.0,0.0,-6.1E-4
60.800,0.05,9.8,-0.1,0.0,9.8,0.0,0.0,-6.1E-4
60.850,0.05,9.8,-0.1,0.0,9.8,0.0,0.0,6.1E-4
60.900,0.05,9.8,-0.1,0.0,9.8,0.0,0.0,0.0
60.950,0.05,9.8,-0.1,0.0,9.8,0.0,0.0,-6.1E-4
61.000,0.04,9.8,-0.1,0.0,9.8,0.0,0.0,0.0
61.050,0.05,9.8,-0.1,0.0,9.8,0.0,0.0,-6.1E-4
61.100,0.06,9.8,-0.1,0.0,9.8,0.0,0.0,-6.1E-4
61.150,0.05,9.8,-0.1,0.0,9.8,0.0,0.0,-6.1E-4
61.200,0.06,9.8,-0.1,0.0,9.8,0.0,0.0,-6.1E-4
61.250,0.05,9.8,-0.1,0.0,9.8,0.0,0.0,-6.1E-4
61.300,0.04,9.8,-0.1,0.0,9.8,0.0,0.0,-6.1E-4
61.350,0.04,9.8,-0.1,0.0,9.8,0.0,0.0,6.1E-4
61.400,0.05,9.8,-0.1,0.0,9.8,0.0,0.0,0.0
61.450,0.05,9.8,-0.1,0.0,9.8,0.0,0.0,-6.1E-4
61.500,0.04,9.8,-0.1,0.0,9.8,0.0,0.0,-6.1E-4
61.550,0.04,9.8,-0.1,0.0,9.8,0.0,0.0,0.0
61.600,0.04,9.8,-0.1,0.0,9.8,0.0,0.0,6.1E-4
61.650,0.04,9.8,-0.1,0.0,9.8,0.0,0.0,-6.1E-4
61.700,0.03,9.8,-0.1,0.0,9.8,0.0,0.0,6.1E-4
61.750,0.04,9.8,-0.1,0.0,9.8,0.0,0.0,6.1E-4
61.800,0.04,9.8,-0.1,0.0,9.8,0.0,0.0,-6.1E-4
61.850,0.04,9.8,-0.1,0.0,9.8,0.0,0.0,-6.1E-4
61.900,0.04,9.8,-0.1,0.0,9.8,0.0,0.0,6.1E-4
61.950,0.05,9.8,-0.1,0.0,9.8,0.0,0.0,-6.1E-4
62.000,0.05,9.8,-0.1,0.0,9.8,0.0,0.0,-6.1E-4
62.050,0.04,9.8,-0.1,0.0,9.8,0.0,0.0,-6.1E-4
62.100,0.04,9.8,-0.1,0.0,9.8,0.0,0.0,6.1E-4
62.150,0.04,9.8,-0.1,0.0,9.8,0.0,0.0,0.0
62.200,0.04,9.8,-0.1,0.0,9.8,0.0,0.0,-6.1E-4
62.250,0.04,9.8,-0.1,0.0,9.8,0.0,0.0,-6.1E-4
62.300,0.04,9.8,-0.1,0.0,9.8,0.0,0.0,-6.1E-4
62.350,0.04,9.8,-0.1,0.0,9.8,0.0,0.0,0.0
62.400,0.05,9.8,-0.1,0.0,9.8,0.0,0.0,-6.1E-4
62.450,0.05,9.8,-0.1,0.0,9.8,0.0,0.0,6.1E-4
62.500,0.04,9.8,-0.1,0.0,9.8,0.0,0.0,-6.1E-4
62.550,0.04,9.8,-0.1,0.0,9.8,0.0,0.0,0.0
62.600,0.04,9.8,-0.1,0.0,9.8,0.0,0.0,-6.1E-4
62.650,0.05,9.8,-0.1,0.0,9.8,0.0,0.0,-6.1E-4
62.700,0.04,9.8,-0.1,0.0,9.8,0.0,0.0,6.1E-4
62.750,0.04,9.8,-0.1,0.0,9.8,0.0,0.0,0.0
62.800,0.04,9.8,-0.1,0.0,9.8,0.0,0.0,0.0
62.850,0.05,9.8,-0.1,0.0,9.8,0.0,0.0,-6.1E-4
62.900,0.05,9.8,-0.1,0.0,9.8,0.0,0.0,6.1E-4
62.950,0.04,9.8,-0.1,0.0,9.8,0.0,0.0,0.0
63.000,0.04,9.8,-0.1,0.0,9.8,0.0,0.0,-6.1E-4
63.050,0.02,9.8,-0.1,0.0,9.8,0.0,0.0,-6.1E-4
63.100,0.03,9.8,-0.1,0.0,9.8,0.0,0.0,-6.1E-4
63.150,0.04,9.8,-0.1,0.0,9.8,0.0,0.0,0.0
63.200,0.04,9.8,-0.1,0.0,9.8,0.0,0.0,-6.1E-4
63.250,0.05,9.8,-0.1,0.0,9.8,0.0,0.0,-6.1E-4
63.300,0.04,9.8,-0.1,0.0,9.8,0.0,0.0,-6.1E-4
63.350,0.05,9.8,-0.1,0.0,9.8,0.0,0.0,-6.1E-4
63.400,0.05,9.8,-0.1,0.0,9.8,0.0,0.0,-6.1E-4
63.450,0.05,9.8,-0.1,0.0,9.8,0.0,0.0,-6.1E-4
63.500,0.05,9.8,-0.1,0.0,9.8,0.0,0.0,6.1E-4
63.550,0.03,9.8,-0.1,0.0,9.8,0.0,0.0,-6.1E-4
63.600,0.04,9.8,-0.1,0.0,9.8,0.0,0.0,0.0
63.650,0.03,9.8,-0.1,0.0,9.8,0.0,0.0,-6.1E-4
63.700,0.03,9.8,-0.1,0.0,9.8,0.0,0.0,-6.1E-4
63.750,0.03,9.8,-0.1,0.0,9.8,0.0,0.0,-6.1E-4
63.800,0.03,9.8,-0.1,0.0,9.8,0.0,0.0,-6.1E-4
63.850,0.03,9.8,-0.1,0.0,9.8,0.0,0.0,0.0
63.900,0.04,9.8,-0.1,0.0,9.8,0.0,0.0,6.1E-4
63.950,0.03,9.8,-0.1,0.0,9.8,0.0,0.0,-6.1E-4
64.000,0.03,9.8,-0.1,0.0,9.8,0.0,0.0,-6.1E-4
64.050,0.04,9.8,-0.1,0.0,9.8,0.0,0.0,-6.1E-4
64.100,0.04,9.8,-0.1,0.0,9.8,0.0,0.0,-6.1E-4
64.150,0.04,9.8,-0.1,0.0,9.8,0.0,0.0,0.0
64.200,0.05,9.8,-0.1,0.0,9.8,0.0,0.0,6.1E-4
64.250,0.05,9.8,-0.1,0.0,9.8,0.0,0.0,6.1E-4
64.300,0.04,9.8,-0.1,0.0,9.8,0.0,0.0,-6.1E-4
64.350,0.04,9.8,-0.1,0.0,9.8,0.0,0.0,-6.1E-4
64.400,0.04,9.8,-0.1,0.0,9.8,0.0,0.0,-6.1E-4
64.450,0.04,9.8,-0.1,0.0,9.8,0.0,0.0,0.0
64.500,0.04,9.8,-0.1,0.0,9.8,0.0,0.0,-6.1E-4
64.550,0.04,9.8,-0.1,0.0,9.8,0.0,0.0,-6.1E-4
64.600,0.03,9.8,-0.1,0.0,9.8,0.0,0.0,-6.1E-4
64.650,0.03,9.8,-0.1,0.0,9.8,0.0,0.0,-6.1E-4
64.700,0.04,9.8,-0.1,0.0,9.8,0.0,0.0,-6.1E-4
64.750,0.04,9.8,-0.1,0.0,9.8,0.0,0.0,-6.1E-4
64.800,0.05,9.8,-0.1,0.0,9.8,0.0,0.0,0.0
64.850,0.05,9.8,-0.1,0.0,9.8,0.0,0.0,-6.1E-4
64.900,0.04,9.8,-0.1,0.0,9.8,0.0,0.0,-6.1E-4
64.950,0.04,9.8,-0.1,0.0,9.8,0.0,0.0,-6.1E-4
65.000,0.04,9.8,-0.1,0.0,9.8,0.0,0.0,-6.1E-4
65.050,0.04,9.8,-0.1,0.0,9.8,0.0,0.0,-6.1E-4
65.100,0.05,9.8,-0.1,0.0,9.8,0.0,0.0,-6.1E-4
65.150,0.05,9.8,-0.1,0.0,9.8,0.0,0.0,-6.1E-4
65.200,0.03,9.8,-0.1,0.0,9.8,0.0,0.0,6.1E-4
65.250,0.04,9.8,-0.1,0.0,9.8,0.0,0.0,6.1E-4
65.300,0.04,9.8,-0.1,0.0,9.8,0.0,0.0,-6.1E-4
65.350,0.05,9.8,-0.1,0.0,9.8,0.0,0.0,-6.1E-4
65.400,0.04,9.8,-0.1,0.0,9.8,0.0,0.0,-6.1E-4
65.450,0.04,9.8,-0.1,0.0,9.8,0.0,0.0,6.1E-4
65.500,0.04,9.8,-0.1,0.0,9.8,0.0,0.0,-6.1E-4
65.550,0.04,9.8,-0.1,0.0,9.8,0.0,0.0,-6.1E-4
65.600,0.04,9.8,-0.1,0.0,9.8,0.0,0.0,-6.1E-4
65.650,0.03,9.8,-0.1,0.0,9.8,0.0,0.0,0.0
65.700,0.04,9.8,-0.1,0.0,9.8,0.0,0.0,0.0
65.750,0.02,9.8,-0.1,0.0,9.8,0.0,0.0,-6.1E-4
65.800,0.04,9.8,-0.1,0.0,9.8,0.0,0.0,-6.1E-4
65.850,0.04,9.8,-0.1,0.0,9.8,0.0,0.0,6.1E-4
65.900,0.05,9.8,-0.1,0.0,9.8,0.0,0.0,-6.1E-4
65.950,0.04,9.8,-0.1,0.0,9.8,0.0,0.0,-6.1E-4
66.000,0.05,9.8,-0.1,0.0,9.8,0.0,0.0,0.0
66.050,0.04,9.8,-0.1,0.0,9.8,0.0,0.0,-6.1E-4
66.100,0.04,9.8,-0.1,0.0,9.8,0.0,0.0,-6.1E-4
66.150,0.04,9.8,-0.1,0.0,9.8,0.0,0.0,-6.1E-4
66.200,0.04,9.8,-0.1,0.0,9.8,0.0,0.0,-6.1E-4
66.250,0.03,9.8,-0.1,0.0,9.8,0.0,0.0,-6.1E-4
66.300,0.05,9.8,-0.1,0.0,9.8,0.0,0.0,-6.1E-4
66.350,0.05,9.8,-0.1,0.0,9.8,0.0,0.0,0.0
66.400,0.04,9.8,-0.1,0.0,9.8,0.0,0.0,6.1E-4
66.450,0.03,9.8,-0.1,0.0,9.8,0.0,0.0,-6.1E-4
66.500,0.03,9.8,-0.1,0.0,9.8,0.0,0.0,-6.1E-4
66.550,0.03,9.8,-0.1,0.0,9.8,0.0,0.0,-6.1E-4
66.600,0.02,9.8,-0.1,0.0,9.8,0.0,0.0,6.1E-4
66.650,0.04,9.8,-0.1,0.0,9.8,0.0,0.0,-6.1E-4
66.700,0.04,9.8,-0.1,0.0,9.8,0.0,0.0,0.0
66.750,0.04,9.8,-0.1,0.0,9.8,0.0,0.0,-6.1E-4
66.800,0.05,9.8,-0.1,0.0,9.8,0.0,0.0,6.1E-4
66.850,0.04,9.8,-0.1,0.0,9.8,0.0,0.0,-6.1E-4
66.900,0.03,9.8,-0.1,0.0,9.8,0.0,0.0,-6.1E-4
66.950,0.05,9.8,-0.1,0.0,9.8,0.0,0.0,6.1E-4
67.000,0.04,9.8,-0.1,0.0,9.8,0.0,0.0,-6.1E-4
67.050,0.04,9.8,-0.1,0.0,9.8,0.0,0.0,6.1E-4
67.100,0.03,9.8,-0.1,0.0,9.8,0.0,0.0,6.1E-4
67.150,0.03,9.8,-0.1,0.0,9.8,0.0,0.0,-6.1E-4
67.200,0.04,9.8,-0.1,0.0,9.8,0.0,0.0,6.1E-4
67.250,0.04,9.8,-0.1,0.0,9.8,0.0,0.0,0.0
67.300,0.04,9.8,-0.1,0.0,9.8,0.0,0.0,-6.1E-4
67.350,0.04,9.8,-0.1,0.0,9.8,0.0,0.0,6.1E-4
67.400,0.04,9.8,-0.1,0.0,9.8,0.0,0.0,0.0
67.450,0.04,9.8,-0.1,0.0,9.8,0.0,0.0,6.1E-4
67.500,0.04,9.8,-0.1,0.0,9.8,0.0,0.0,-6.1E-4
67.550,0.04,9.8,-0.1,0.0,9.8,0.0,0.0,-6.1E-4
67.600,0.04,9.8,-0.1,0.0,9.8,0.0,0.0,6.1E-4
67.650,0.04,9.8,-0.1,0.0,9.8,0.0,0.0,-6.1E-4
67.700,0.04,9.8,-0.1,0.0,9.8,0.0,0.0,-6.1E-4
67.750,0.04,9.8,-0.1,0.0,9.8,0.0,0.0,6.1E-4
67.800,0.06,9.8,-0.1,0.0,9.8,0.0,0.0,-6.1E-4
67.850,0.05,9.8,-0.1,0.0,9.8,0.0,0.0,-6.1E-4
67.900,0.05,9.8,-0.1,0.0,9.8,0.0,0.0,-6.1E-4
67.950,0.06,9.8,-0.1,0.0,9.8,0.0,0.0,6.1E-4
68.000,0.04,9.8,-0.1,0.0,9.8,0.0,0.0,6.1E-4
68.050,0.04,9.8,-0.1,0.0,9.8,0.0,0.0,6.1E-4
68.100,0.05,9.8,-0.1,0.0,9.8,0.0,0.0,0.0
68.150,0.05,9.8,-0.1,0.0,9.8,0.0,0.0,-6.1E-4
68.200,0.05,9.8,-0.1,0.0,9.8,0.0,0.0,-6.1E-4
68.250,0.05,9.8,-0.1,0.0,9.8,0.0,0.0,-6.1E-4
68.300,0.05,9.8,-0.1,0.0,9.8,0.0,0.0,-6.1E-4
68.350,0.05,9.8,-0.1,0.0,9.8,0.0,0.0,-6.1E-4
68.400,0.04,9.8,-0.1,0.0,9.8,0.0,0.0,-6.1E-4
68.450,0.05,9.8,-0.1,0.0,9.8,0.0,0.0,6.1E-4
68.500,0.05,9.8,-0.1,0.0,9.8,0.0,0.0,6.1E-4
68.550,0.04,9.8,-0.1,0.0,9.8,0.0,0.0,6.1E-4
68.600,0.04,9.8,-0.1,0.0,9.8,0.0,0.0,-6.1E-4
68.650,0.04,9.8,-0.1,0.0,9.8,0.0,0.0,-6.1E-4
68.700,0.04,9.8,-0.1,0.0,9.8,0.0,0.0,-6.1E-4
68.750,0.04,9.8,-0.1,0.0,9.8,0.0,0.0,6.1E-4
68.800,0.04,9.8,-0.1,0.0,9.8,0.0,0.0,-6.1E-4
68.850,0.04,9.8,-0.1,0.0,9.8,0.0,0.0,-6.1E-4
68.900,0.05,9.8,-0.1,0.0,9.8,0.0,0.0,0.0
68.950,0.05,9.8,-0.1,0.0,9.8,0.0,0.0,-6.1E-4
69.000,0.03,9.8,-0.1,0.0,9.8,0.0,0.0,-6.1E-4
69.050,0.03,9.8,-0.1,0.0,9.8,0.0,0.0,-6.1E-4
69.100,0.03,9.8,-0.1,0.0,9.8,0.0,0.0,-6.1E-4
69.150,0.04,9.8,-0.1,0.0,9.8,0.0,0.0,6.1E-4
69.200,0.03,9.8,-0.1,0.0,9.8,0.0,0.0,0.0
69.250,0.03,9.8,-0.1,0.0,9.8,0.0,0.0,-6.1E-4
69.300,0.05,9.8,-0.1,0.0,9.8,0.0,0.0,6.1E-4
69.350,0.04,9.8,-0.1,0.0,9.8,0.0,0.0,-6.1E-4
69.400,0.04,9.8,-0.1,0.0,9.8,0.0,0.0,6.1E-4
69.450,0.04,9.8,-0.1,0.0,9.8,0.0,0.0,-6.1E-4
69.500,0.04,9.8,-0.1,0.0,9.8,0.0,0.0,-6.1E-4
69.550,0.04,9.8,-0.1,0.0,9.8,0.0,0.0,6.1E-4
69.600,0.05,9.8,-0.1,0.0,9.8,0.0,0.0,-6.1E-4
69.650,0.04,9.8,-0.1,0.0,9.8,0.0,0.0,6.1E-4
69.700,0.04,9.8,-0.1,0.0,9.8,0.0,0.0,-6.1E-4
69.750,0.05,9.8,-0.1,0.0,9.8,0.0,0.0,0.0
69.800,0.04,9.8,-0.1,0.0,9.8,0.0,0.0,-6.1E-4
69.850,0.04,9.8,-0.1,0.0,9.8,0.0,0.0,-6.1E-4
69.900,0.05,9.8,-0.1,0.0,9.8,0.0,0.0,-6.1E-4
69.950,0.04,9.8,-0.1,0.0,9.8,0.0,0.0,-6.1E-4
70.000,0.04,9.8,-0.1,0.0,9.8,0.0,0.0,-6.1E-4
70.050,0.04,9.8,-0.1,0.0,9.8,0.0,0.0,-6.1E-4
70.100,0.05,9.8,-0.1,0.0,9.8,0.0,0.0,0.0
70.150,0.05,9.8,-0.1,0.0,9.8,0.0,0.0,-6.1E-4
70.200,0.05,9.8,-0.1,0.0,9.8,0.0,0.0,-6.1E-4
70.250,0.05,9.8,-0.1,0.0,9.8,0.0,0.0,0.0
70.300,0.04,9.8,-0.1,0.0,9.8,0.0,0.0,-6.1E-4
70.350,0.05,9.8,-0.1,0.0,9.8,0.0,0.0,-6.1E-4
70.400,0.04,9.8,-0.1,0.0,9.8,0.0,0.0,0.0
70.450,0.04,9.8,-0.1,0.0,9.8,0.0,0.0,-6.1E-4
70.500,0.05,9.8,-0.1,0.0,9.8,0.0,0.0,-6.1E-4
70.550,0.06,9.8,-0.1,0.0,9.8,0.0,0.0,6.1E-4
70.600,0.06,9.8,-0.1,0.0,9.8,0.0,0.0,-6.1E-4
70.650,0.05,9.8,-0.1,0.0,9.8,0.0,0.0,6.1E-4
70.700,0.04,9.8,-0.1,0.0,9.8,0.0,0.0,6.1E-4
70.750,0.04,9.8,-0.1,0.0,9.8,0.0,0.0,-6.1E-4
70.800,0.04,9.8,-0.1,0.0,9.8,0.0,0.0,-6.1E-4
70.850,0.04,9.8,-0.1,0.0,9.8,0.0,0.0,-6.1E-4
70.900,0.03,9.8,-0.1,0.0,9.8,0.0,0.0,6.1E-4
70.950,0.04,9.8,-0.1,0.0,9.8,0.0,0.0,-6.1E-4
71.000,0.04,9.8,-0.1,0.0,9.8,0.0,0.0,-6.1E-4
71.050,0.04,9.8,-0.1,0.0,9.8,0.0,0.0,6.1E-4
71.100,0.03,9.8,-0.1,0.0,9.8,0.0,0.0,6.1E-4
71.150,0.03,9.8,-0.1,0.0,9.8,0.0,0.0,-6.1E-4
71.200,0.03,9.8,-0.1,0.0,9.8,0.0,0.0,6.1E-4
71.250,0.03,9.8,-0.1,0.0,9.8,0.0,0.0,6.1E-4
71.300,0.02,9.8,-0.1,0.0,9.8,0.0,0.0,-6.1E-4
71.350,0.04,9.8,-0.1,0.0,9.8,0.0,0.0,6.1E-4
71.400,0.04,9.8,-0.1,0.0,9.8,0.0,0.0,-6.1E-4
71.450,0.04,9.8,-0.1,0.0,9.8,0.0,0.0,6.1E-4
71.500,0.04,9.8,-0.1,0.0,9.8,0.0,0.0,-6.1E-4
71.550,0.04,9.8,0.0,0.0,9.8,0.0,0.0,6.1E-4
71.600,0.02,9.8,-0.1,0.0,9.8,0.0,0.0,6.1E-4
71.650,0.04,9.8,-0.1,0.0,9.8,0.0,0.0,-6.1E-4
71.700,0.04,9.8,-0.1,0.0,9.8,0.0,0.0,-6.1E-4
71.750,0.05,9.8,-0.1,0.0,9.8,0.0,0.0,-6.1E-4
71.800,0.05,9.8,-0.1,0.0,9.8,0.0,0.0,-6.1E-4
71.850,0.04,9.8,-0.1,0.0,9.8,0.0,0.0,6.1E-4
71.900,0.03,9.8,-0.1,0.0,9.8,0.0,0.0,6.1E-4
71.950,0.04,9.8,-0.1,0.0,9.8,0.0,0.0,6.1E-4
72.000,0.05,9.8,-0.1,0.0,9.8,0.0,0.0,0.0
72.050,0.04,9.8,-0.1,0.0,9.8,0.0,0.0,-6.1E-4
72.100,0.04,9.8,-0.1,0.0,9.8,0.0,0.0,-6.1E-4
72.150,0.03,9.8,-0.1,0.0,9.8,0.0,0.0,-6.1E-4
72.200,0.04,9.8,-0.1,0.0,9.8,0.0,0.0,6.1E-4
72.250,0.04,9.8,-0.1,0.0,9.8,0.0,0.0,-6.1E-4
72.300,0.02,9.8,0.0,0.0,9.8,0.0,0.0,-6.1E-4
72.350,0.02,9.8,-0.1,0.0,9.8,0.0,0.0,-6.1E-4
72.400,0.04,9.8,-0.1,0.0,9.8,0.0,0.0,6.1E-4
72.450,0.04,9.8,-0.1,0.0,9.8,0.0,0.0,-6.1E-4
72.500,0.05,9.8,-0.1,0.0,9.8,0.0,0.0,0.0
72.550,0.04,9.8,-0.1,0.0,9.8,0.0,0.0,-6.1E-4
72.600,0.04,9.8,-0.1,0.0,9.8,0.0,0.0,-6.1E-4
72.650,0.05,9.8,-0.1,0.0,9.8,0.0,0.0,-6.1E-4
72.700,0.05,9.8,-0.1,0.0,9.8,0.0,0.0,-6.1E-4
72.750,0.05,9.8,-0.1,0.0,9.8,0.0,0.0,-6.1E-4
72.800,0.04,9.8,-0.1,0.0,9.8,0.0,0.0,-6.1E-4
72.850,0.05,9.8,-0.1,0.0,9.8,0.0,0.0,0.0
72.900,0.05,9.8,-0.1,0.0,9.8,0.0,0.0,-6.1E-4
72.950,0.04,9.8,-0.1,0.0,9.8,0.0,0.0,6.1E-4
73.000,0.05,9.8,-0.1,0.0,9.8,0.0,0.0,6.1E-4
73.050,0.06,9.8,-0.1,0.0,9.8,0.0,0.0,6.1E-4
73.100,0.06,9.8,-0.1,0.0,9.8,0.0,0.0,-6.1E-4
73.150,0.06,9.8,0.0,0.0,9.8,0.0,0.0,-6.1E-4
73.200,0.05,9.8,-0.1,0.0,9.8,0.0,0.0,6.1E-4
73.250,0.06,9.8,-0.1,0.0,9.8,0.0,0.0,6.1E-4
73.300,0.06,9.8,-0.1,0.0,9.8,0.0,0.0,-6.1E-4
73.350,0.05,9.8,-0.1,0.0,9.8,0.0,0.0,-6.1E-4
73.400,0.06,9.8,-0.1,0.0,9.8,0.0,0.0,6.1E-4
73.450,0.05,9.8,-0.1,0.0,9.8,0.0,0.0,-6.1E-4
73.500,0.05,9.8,-0.1,0.0,9.8,0.0,0.0,6.1E-4
73.550,0.05,9.8,-0.1,0.0,9.8,0.0,0.0,6.1E-4
73.600,0.05,9.8,-0.1,0.0,9.8,0.0,0.0,6.1E-4
73.650,0.05,9.8,-0.1,0.0,9.8,0.0,0.0,-6.1E-4
73.700,0.05,9.8,-0.1,0.0,9.8,0.0,0.0,0.0
73.750,0.05,9.8,-0.1,0.0,9.8,0.0,0.0,-6.1E-4
73.800,0.06,9.8,-0.1,0.0,9.8,0.0,0.0,-6.1E-4
73.850,0.05,9.8,-0.1,0.0,9.8,0.0,0.0,-6.1E-4
73.900,0.05,9.8,-0.1,0.0,9.8,0.0,0.0,-6.1E-4
73.950,0.05,9.8,-0.1,0.0,9.8,0.0,0.0,6.1E-4
74.000,0.05,9.8,-0.1,0.0,9.8,0.0,0.0,-6.1E-4
74.050,0.06,9.8,-0.1,0.0,9.8,0.0,0.0,-6.1E-4
74.100,0.06,9.8,-0.1,0.0,9.8,0.0,0.0,6.1E-4
74.150,0.06,9.8,-0.1,0.0,9.8,0.0,0.0,6.1E-4
74.200,0.07,9.8,-0.1,0.0,9.8,0.0,0.0,6.1E-4
74.250,0.06,9.8,-0.1,0.0,9.8,0.0,0.0,-6.1E-4
74.300,0.07,9.8,-0.1,0.0,9.8,0.0,0.0,-6.1E-4
74.350,0.06,9.8,-0.1,0.0,9.8,0.0,0.0,6.1E-4
74.400,0.06,9.8,-0.1,0.0,9.8,0.0,0.0,-6.1E-4
74.450,0.06,9.8,-0.1,0.0,9.8,0.0,0.0,6.1E-4
74.500,0.06,9.8,-0.1,0.0,9.8,0.0,0.0,-6.1E-4
74.550,0.06,9.8,-0.1,0.0,9.8,0.0,0.0,-6.1E-4
74.600,0.06,9.8,-0.1,0.0,9.8,0.0,0.0,6.1E-4
74.650,0.06,9.8,-0.1,0.0,9.8,0.0,0.0,6.1E-4
74.700,0.06,9.8,-0.1,0.0,9.8,0.0,0.0,-6.1E-4
74.750,0.06,9.8,-0.1,0.0,9.8,0.0,0.0,-6.1E-4
74.800,0.06,9.8,-0.1,0.0,9.8,0.0,0.0,6.1E-4
74.850,0.06,9.8,-0.1,0.0,9.8,0.0,0.0,-6.1E-4
74.900,0.05,9.8,-0.1,0.0,9.8,0.0,0.0,6.1E-4
74.950,0.05,9.8,-0.1,0.0,9.8,0.0,0.0,-6.1E-4
75.000,0.06,9.8,-0.1,0.0,9.8,0.0,0.0,-6.1E-4
75.050,0.05,9.8,-0.1,0.0,9.8,0.0,0.0,-6.1E-4
75.100,0.06,9.8,-0.1,0.0,9.8,0.0,0.0,6.1E-4
75.150,0.06,9.8,-0.1,0.0,9.8,0.0,0.0,-6.1E-4
75.200,0.06,9.8,-0.1,0.0,9.8,0.0,0.0,-6.1E-4
75.250,0.06,9.8,-0.1,0.0,9.8,0.0,0.0,6.1E-4
75.300,0.06,9.8,-0.1,0.0,9.8,0.0,0.0,6.1E-4
75.350,0.06,9.8,-0.1,0.0,9.8,0.0,0.0,6.1E-4
75.400,0.05,9.8,-0.1,0.0,9.8,0.0,0.0,-6.1E-4
75.450,0.05,9.8,-0.1,0.0,9.8,0.0,0.0,6.1E-4
75.500,0.07,9.8,-0.1,0.0,9.8,0.0,0.0,6.1E-4
75.550,0.07,9.8,-0.1,0.0,9.8,0.0,0.0,-6.1E-4
75.600,0.04,9.8,-0.1,0.0,9.8,0.0,0.0,-6.1E-4
75.650,0.06,9.8,-0.1,0.0,9.8,0.0,0.0,-6.1E-4
75.700,0.06,9.8,-0.1,0.0,9.8,0.0,0.0,6.1E-4
75.750,0.05,9.8,-0.1,0.0,9.8,0.0,0.0,-6.1E-4
75.800,0.05,9.8,-0.1,0.0,9.8,0.0,0.0,-6.1E-4
75.850,0.06,9.8,-0.1,0.0,9.8,0.0,0.0,6.1E-4
75.900,0.06,9.8,-0.1,0.0,9.8,0.0,0.0,-6.1E-4
75.950,0.06,9.8,-0.1,0.0,9.8,0.0,0.0,-6.1E-4
76.000,0.06,9.8,-0.1,0.0,9.8,0.0,0.0,-6.1E-4
76.050,0.06,9.8,-0.1,0.0,9.8,0.0,0.0,6.1E-4
76.100,0.07,9.8,-0.1,0.0,9.8,0.0,0.0,6.1E-4
76.150,0.06,9.8,-0.1,0.0,9.8,0.0,0.0,0.0
76.200,0.06,9.8,-0.1,0.0,9.8,0.0,0.0,-6.1E-4
76.250,0.05,9.8,-0.1,0.0,9.8,0.0,0.0,-6.1E-4
76.300,0.06,9.8,-0.1,0.0,9.8,0.0,0.0,-6.1E-4
76.350,0.05,9.8,-0.1,0.0,9.8,0.0,0.0,0.0
76.400,0.05,9.8,-0.1,0.0,9.8,0.0,0.0,6.1E-4
76.450,0.06,9.8,-0.1,0.0,9.8,0.0,0.0,-6.1E-4
76.500,0.05,9.8,-0.1,0.0,9.8,0.0,0.0,-6.1E-4
76.550,0.05,9.8,-0.1,0.0,9.8,0.0,0.0,6.1E-4
76.600,0.06,9.8,-0.1,0.0,9.8,0.0,0.0,-6.1E-4
76.650,0.06,9.8,-0.1,0.0,9.8,0.0,0.0,-6.1E-4
76.700,0.05,9.8,-0.1,0.0,9.8,0.0,0.0,-6.1E-4
76.750,0.05,9.8,-0.1,0.0,9.8,0.0,0.0,-6.1E-4
76.800,0.06,9.8,-0.1,0.0,9.8,0.0,0.0,0.0
76.850,0.04,9.8,-0.1,0.0,9.8,0.0,0.0,-6.1E-4
76.900,0.05,9.8,-0.1,0.0,9.8,0.0,0.0,-6.1E-4
76.950,0.05,9.8,-0.1,0.0,9.8,0.0,0.0,-6.1E-4
77.000,0.06,9.8,-0.1,0.0,9.8,0.0,0.0,-6.1E-4
77.050,0.05,9.8,-0.1,0.0,9.8,0.0,0.0,-6.1E-4
77.100,0.06,9.8,-0.1,0.0,9.8,0.0,0.0,6.1E-4
77.150,0.05,9.8,-0.1,0.0,9.8,0.0,0.0,-6.1E-4
77.200,0.05,9.8,-0.1,0.0,9.8,0.0,0.0,-6.1E-4
77.250,0.05,9.8,-0.1,0.0,9.8,0.0,0.0,-6.1E-4
77.300,0.04,9.8,-0.1,0.0,9.8,0.0,0.0,-6.1E-4
77.350,0.05,9.8,-0.1,0.0,9.8,0.0,0.0,6.1E-4
77.400,0.05,9.8,-0.1,0.0,9.8,0.0,0.0,-6.1E-4
77.450,0.04,9.8,-0.1,0.0,9.8,0.0,0.0,-6.1E-4
77.500,0.05,9.8,-0.1,0.0,9.8,0.0,0.0,6.1E-4
77.550,0.05,9.8,-0.1,0.0,9.8,0.0,0.0,-6.1E-4
77.600,0.05,9.8,-0.1,0.0,9.8,0.0,0.0,-6.1E-4
77.650,0.05,9.8,-0.1,0.0,9.8,0.0,0.0,-6.1E-4
77.700,0.04,9.8,-0.1,0.0,9.8,0.0,0.0,-6.1E-4
77.750,0.05,9.8,-0.1,0.0,9.8,0.0,0.0,0.0
77.800,0.05,9.8,-0.1,0.0,9.8,0.0,0.0,-6.1E-4
77.850,0.05,9.8,-0.1,0.0,9.8,0.0,0.0,-6.1E-4
77.900,0.04,9.8,-0.1,0.0,9.8,0.0,0.0,-6.1E-4
77.950,0.04,9.8,-0.1,0.0,9.8,0.0,0.0,6.1E-4
78.000,0.03,9.8,-0.1,0.0,9.8,0.0,0.0,-6.1E-4
78.050,0.02,9.8,-0.1,0.0,9.8,0.0,0.0,-6.1E-4
78.100,0.03,9.8,-0.1,0.0,9.8,0.0,0.0,6.1E-4
78.150,0.05,9.8,-0.1,0.0,9.8,0.0,0.0,-6.1E-4
78.200,0.04,9.8,-0.1,0.0,9.8,0.0,0.0,-6.1E-4
78.250,0.04,9.8,-0.1,0.0,9.8,0.0,0.0,6.1E-4
78.300,0.04,9.8,-0.1,0.0,9.8,0.0,0.0,-6.1E-4
78.350,0.04,9.8,-0.1,0.0,9.8,0.0,0.0,-6.1E-4
78.400,0.04,9.8,-0.1,0.0,9.8,0.0,0.0,0.0
78.450,0.04,9.8,-0.1,0.0,9.8,0.0,0.0,6.1E-4
78.500,0.03,9.8,-0.1,0.0,9.8,0.0,0.0,6.1E-4
78.550,0.04,9.8,-0.1,0.0,9.8,0.0,0.0,-6.1E-4
78.600,0.05,9.8,-0.1,0.0,9.8,0.0,0.0,-6.1E-4
78.650,0.05,9.8,-0.1,0.0,9.8,0.0,0.0,-6.1E-4
78.700,0.03,9.8,-0.1,0.0,9.8,0.0,0.0,-6.1E-4
78.750,0.05,9.8,-0.1,0.0,9.8,0.0,0.0,-6.1E-4
78.800,0.05,9.8,-0.1,0.0,9.8,0.0,0.0,0.0
78.850,0.05,9.8,-0.1,0.0,9.8,0.0,0.0,0.0
78.900,0.04,9.8,-0.1,0.0,9.8,0.0,0.0,-6.1E-4
78.950,0.05,9.8,-0.1,0.0,9.8,0.0,0.0,-6.1E-4
79.000,0.05,9.8,-0.1,0.0,9.8,0.0,0.0,-6.1E-4
79.050,0.04,9.8,-0.1,0.0,9.8,0.0,0.0,-6.1E-4
79.100,0.04,9.8,-0.1,0.0,9.8,0.0,0.0,-6.1E-4
79.150,0.05,9.8,-0.1,0.0,9.8,0.0,0.0,-6.1E-4
79.200,0.05,9.8,-0.1,0.0,9.8,0.0,0.0,-6.1E-4
79.250,0.04,9.8,-0.1,0.0,9.8,0.0,0.0,6.1E-4
79.300,0.05,9.8,-0.1,0.0,9.8,0.0,0.0,-6.1E-4
79.350,0.05,9.8,-0.1,0.0,9.8,0.0,0.0,6.1E-4
79.400,0.04,9.8,-0.1,0.0,9.8,0.0,0.0,-6.1E-4
79.450,0.04,9.8,-0.1,0.0,9.8,0.0,0.0,-6.1E-4
79.500,0.04,9.8,-0.1,0.0,9.8,0.0,0.0,-6.1E-4
79.550,0.03,9.8,-0.1,0.0,9.8,0.0,0.0,6.1E-4
79.600,0.04,9.8,-0.1,0.0,9.8,0.0,0.0,-6.1E-4
79.650,0.04,9.8,-0.1,0.0,9.8,0.0,0.0,0.0
79.700,0.03,9.8,-0.1,0.0,9.8,0.0,0.0,-6.1E-4
79.750,0.04,9.8,-0.1,0.0,9.8,0.0,0.0,-6.1E-4
79.800,0.03,9.8,-0.1,0.0,9.8,0.0,0.0,6.1E-4
79.850,0.04,9.8,-0.1,0.0,9.8,0.0,0.0,-6.1E-4
79.900,0.03,9.8,-0.1,0.0,9.8,0.0,0.0,-6.1E-4
79.950,0.04,9.8,-0.1,0.0,9.8,0.0,0.0,6.1E-4
80.000,0.04,9.8,-0.1,0.0,9.8,0.0,0.0,-6.1E-4
80.050,0.02,9.8,-0.1,0.0,9.8,0.0,0.0,-6.1E-4
80.100,0.03,9.8,-0.1,0.0,9.8,0.0,0.0,0.0
80.150,0.04,9.8,-0.1,0.0,9.8,0.0,0.0,6.1E-4
80.200,0.04,9.8,-0.1,0.0,9.8,0.0,0.0,-6.1E-4
80.250,0.04,9.8,-0.1,0.0,9.8,0.0,0.0,-6.1E-4
80.300,0.05,9.8,-0.1,0.0,9.8,0.0,0.0,6.1E-4
80.350,0.04,9.8,-0.1,0.0,9.8,0.0,0.0,-6.1E-4
80.400,0.05,9.8,-0.1,0.0,9.8,0.0,0.0,6.1E-4
80.450,0.04,9.8,-0.1,0.0,9.8,0.0,0.0,6.1E-4
80.500,0.05,9.8,-0.1,0.0,9.8,0.0,0.0,-6.1E-4
80.550,0.05,9.8,-0.1,0.0,9.8,0.0,0.0,6.1E-4
80.600,0.05,9.8,-0.1,0.0,9.8,0.0,0.0,0.0
80.650,0.04,9.8,-0.1,0.0,9.8,0.0,0.0,-6.1E-4
80.700,0.05,9.8,-0.1,0.0,9.8,0.0,0.0,6.1E-4
80.750,0.04,9.8,-0.1,0.0,9.8,0.0,0.0,-6.1E-4
80.800,0.04,9.8,-0.1,0.0,9.8,0.0,0.0,6.1E-4
80.850,0.04,9.8,-0.1,0.0,9.8,0.0,0.0,6.1E-4
80.900,0.04,9.8,-0.1,0.0,9.8,0.0,0.0,-6.1E-4
80.950,0.04,9.8,-0.1,0.0,9.8,0.0,0.0,-6.1E-4
81.000,0.04,9.8,-0.1,0.0,9.8,0.0,0.0,6.1E-4
81.050,0.04,9.8,-0.1,0.0,9.8,0.0,0.0,6.1E-4
81.100,0.04,9.8,-0.1,0.0,9.8,0.0,0.0,-6.1E-4
81.150,0.04,9.8,-0.1,0.0,9.8,0.0,0.0,0.0
81.200,0.04,9.8,-0.1,0.0,9.8,0.0,0.0,6.1E-4
81.250,0.04,9.8,-0.1,0.0,9.8,0.0,0.0,-6.1E-4
81.300,0.03,9.8,-0.1,0.0,9.8,0.0,0.0,0.0
81.350,0.02,9.8,-0.1,0.0,9.8,0.0,0.0,-6.1E-4
81.400,0.03,9.8,-0.1,0.0,9.8,0.0,0.0,-6.1E-4
81.450,0.04,9.8,-0.1,0.0,9.8,0.0,0.0,-6.1E-4
81.500,0.03,9.8,-0.1,0.0,9.8,0.0,0.0,6.1E-4
81.550,0.03,9.8,-0.1,0.0,9.8,0.0,0.0,0.0
81.600,0.03,9.8,-0.1,0.0,9.8,0.0,0.0,-6.1E-4
81.650,0.03,9.8,-0.1,0.0,9.8,0.0,0.0,6.1E-4
81.700,0.04,9.8,-0.1,0.0,9.8,0.0,0.0,-6.1E-4
81.750,0.03,9.8,-0.1,0.0,9.8,0.0,0.0,-6.1E-4
81.800,0.02,9.8,-0.1,0.0,9.8,0.0,0.0,-6.1E-4
81.850,0.03,9.8,-0.1,0.0,9.8,0.0,0.0,6.1E-4
81.900,0.03,9.8,-0.1,0.0,9.8,0.0,0.0,6.1E-4
81.950,0.03,9.8,-0.1,0.0,9.8,0.0,0.0,-6.1E-4
82.000,0.04,9.8,-0.1,0.0,9.8,0.0,0.0,6.1E-4
82.050,0.03,9.8,-0.1,0.0,9.8,0.0,0.0,6.1E-4
82.100,0.04,9.8,-0.1,0.0,9.8,0.0,0.0,6.1E-4
82.150,0.04,9.8,-0.1,0.0,9.8,0.0,0.0,-6.1E-4
82.200,0.04,9.8,-0.1,0.0,9.8,0.0,0.0,-6.1E-4
82.250,0.04,9.8,-0.1,0.0,9.8,0.0,0.0,-6.1E-4
82.300,0.04,9.8,-0.1,0.0,9.8,0.0,0.0,6.1E-4
82.350,0.04,9.8,-0.1,0.0,9.8,0.0,0.0,-6.1E-4
82.400,0.03,9.8,-0.1,0.0,9.8,0.0,0.0,6.1E-4
82.450,0.01,9.8,-0.1,0.0,9.8,0.0,0.0,6.1E-4
82.500,0.01,9.8,-0.1,0.0,9.8,0.0,0.0,-6.1E-4
82.550,0.04,9.8,-0.1,0.0,9.8,0.0,0.0,-6.1E-4
82.600,0.04,9.8,-0.1,0.0,9.8,0.0,0.0,6.1E-4
82.650,0.04,9.8,-0.1,0.0,9.8,0.0,0.0,0.0
82.700,0.02,9.8,-0.1,0.0,9.8,0.0,0.0,0.0
82.750,0.03,9.8,-0.1,0.0,9.8,0.0,0.0,6.1E-4
82.800,0.05,9.8,-0.1,0.0,9.8,0.0,0.0,-6.1E-4
82.850,0.05,9.8,-0.1,0.0,9.8,0.0,0.0,-6.1E-4
82.900,0.05,9.8,-0.1,0.0,9.8,0.0,0.0,-6.1E-4
82.950,0.04,9.8,-0.1,0.0,9.8,0.0,0.0,0.0
83.000,0.05,9.8,-0.1,0.0,9.8,0.0,0.0,6.1E-4
83.050,0.04,9.8,-0.1,0.0,9.8,0.0,0.0,-6.1E-4
83.100,0.02,9.8,-0.1,0.0,9.8,0.0,0.0,0.0
83.150,0.02,9.8,-0.1,0.0,9.8,0.0,0.0,-6.1E-4
83.200,0.04,9.8,-0.1,0.0,9.8,0.0,0.0,6.1E-4
83.250,0.03,9.8,-0.1,0.0,9.8,0.0,0.0,-6.1E-4
83.300,0.03,9.8,-0.1,0.0,9.8,0.0,0.0,-6.1E-4
83.350,0.04,9.8,-0.1,0.0,9.8,0.0,0.0,-6.1E-4
83.400,0.04,9.8,-0.1,0.0,9.8,0.0,0.0,-6.1E-4
83.450,0.02,9.8,-0.1,0.0,9.8,0.0,0.0,-6.1E-4
83.500,0.03,9.8,-0.1,0.0,9.8,0.0,0.0,0.0
83.550,0.03,9.8,-0.1,0.0,9.8,0.0,0.0,6.1E-4
83.600,0.02,9.8,-0.1,0.0,9.8,0.0,0.0,-6.1E-4
83.650,0.03,9.8,-0.1,0.0,9.8,0.0,0.0,-6.1E-4
83.700,0.02,9.8,-0.1,0.0,9.8,0.0,0.0,6.1E-4
83.750,0.02,9.8,-0.1,0.0,9.8,0.0,0.0,-6.1E-4
83.800,0.04,9.8,-0.1,0.0,9.8,0.0,0.0,0.0
83.850,0.03,9.8,-0.1,0.0,9.8,0.0,0.0,-6.1E-4
83.900,0.04,9.8,-0.1,0.0,9.8,0.0,0.0,-6.1E-4
83.950,0.02,9.8,-0.1,0.0,9.8,0.0,0.0,6.1E-4
84.000,0.03,9.8,-0.1,0.0,9.8,0.0,0.0,-6.1E-4
84.050,0.04,9.8,-0.1,0.0,9.8,0.0,0.0,-6.1E-4
84.100,0.02,9.8,-0.1,0.0,9.8,0.0,0.0,-6.1E-4
84.150,0.03,9.8,-0.1,0.0,9.8,0.0,0.0,-6.1E-4
84.200,0.03,9.8,0.0,0.0,9.8,0.0,0.0,-6.1E-4
84.250,0.05,9.8,-0.1,0.0,9.8,0.0,0.0,0.0
84.300,0.04,9.8,-0.1,0.0,9.8,0.0,0.0,-6.1E-4
84.350,0.04,9.8,-0.1,0.0,9.8,0.0,0.0,0.0
84.400,0.05,9.8,-0.1,0.0,9.8,0.0,0.0,6.1E-4
84.450,0.04,9.8,-0.1,0.0,9.8,0.0,0.0,-6.1E-4
84.500,0.04,9.8,-0.1,0.0,9.8,0.0,0.0,6.1E-4
84.550,0.03,9.8,-0.1,0.0,9.8,0.0,0.0,-6.1E-4
84.600,0.02,9.8,-0.1,0.0,9.8,0.0,0.0,6.1E-4
84.650,0.04,9.8,-0.1,0.0,9.8,0.0,0.0,0.0
84.700,0.05,9.8,-0.1,0.0,9.8,0.0,0.0,6.1E-4
84.750,0.04,9.8,-0.1,0.0,9.8,0.0,0.0,-6.1E-4
84.800,0.05,9.8,-0.1,0.0,9.8,0.0,0.0,-6.1E-4
84.850,0.05,9.8,-0.1,0.0,9.8,0.0,0.0,-6.1E-4
84.900,0.04,9.8,-0.1,0.0,9.8,0.0,0.0,6.1E-4
84.950,0.04,9.8,-0.1,0.0,9.8,0.0,0.0,6.1E-4
85.000,0.04,9.8,-0.1,0.0,9.8,0.0,0.0,0.0
85.050,0.05,9.8,-0.1,0.0,9.8,0.0,0.0,0.0
85.100,0.04,9.8,-0.1,0.0,9.8,0.0,0.0,-6.1E-4
85.150,0.04,9.8,-0.1,0.0,9.8,0.0,0.0,6.1E-4
85.200,0.04,9.8,-0.1,0.0,9.8,0.0,0.0,-6.1E-4
85.250,0.04,9.8,-0.1,0.0,9.8,0.0,0.0,0.0
85.300,0.04,9.8,-0.1,0.0,9.8,0.0,0.0,6.1E-4
85.350,0.03,9.8,-0.1,0.0,9.8,0.0,0.0,-6.1E-4
85.400,0.03,9.8,-0.1,0.0,9.8,0.0,0.0,6.1E-4
85.450,0.03,9.8,-0.1,0.0,9.8,0.0,0.0,-6.1E-4
85.500,0.04,9.8,-0.1,0.0,9.8,0.0,0.0,6.1E-4
85.550,0.03,9.8,-0.1,0.0,9.8,0.0,0.0,-6.1E-4
85.600,0.04,9.8,-0.1,0.0,9.8,0.0,0.0,-6.1E-4
85.650,0.04,9.8,-0.1,0.0,9.8,0.0,0.0,-6.1E-4
85.700,0.04,9.8,-0.1,0.0,9.8,0.0,0.0,6.1E-4
85.750,0.04,9.8,-0.1,0.0,9.8,0.0,0.0,0.0
85.800,0.05,9.8,-0.1,0.0,9.8,0.0,0.0,6.1E-4
85.850,0.04,9.8,-0.1,0.0,9.8,0.0,0.0,-6.1E-4
85.900,0.04,9.8,-0.1,0.0,9.8,0.0,0.0,6.1E-4
85.950,0.05,9.8,-0.1,0.0,9.8,0.0,0.0,-6.1E-4
86.000,0.06,9.8,-0.1,0.0,9.8,0.0,0.0,-6.1E-4
86.050,0.06,9.8,-0.1,0.0,9.8,0.0,0.0,6.1E-4
86.100,0.05,9.8,-0.1,0.0,9.8,0.0,0.0,-6.1E-4
86.150,0.05,9.8,-0.1,0.0,9.8,0.0,0.0,-6.1E-4
86.200,0.05,9.8,-0.1,0.0,9.8,0.0,0.0,-6.1E-4
86.250,0.05,9.8,-0.1,0.0,9.8,0.0,0.0,0.0
86.300,0.05,9.8,-0.1,0.0,9.8,0.0,0.0,6.1E-4
86.350,0.04,9.8,-0.1,0.0,9.8,0.0,0.0,6.1E-4
86.400,0.04,9.8,-0.1,0.0,9.8,0.0,0.0,-6.1E-4
86.450,0.04,9.8,-0.1,0.0,9.8,0.0,0.0,6.1E-4
86.500,0.04,9.8,0.0,0.0,9.8,0.0,0.0,-6.1E-4
86.550,0.04,9.8,-0.1,0.0,9.8,0.0,0.0,0.0
86.600,0.04,9.8,-0.1,0.0,9.8,0.0,0.0,-6.1E-4
86.650,0.04,9.8,-0.1,0.0,9.8,0.0,0.0,6.1E-4
86.700,0.04,9.8,-0.1,0.0,9.8,0.0,0.0,-6.1E-4
86.750,0.03,9.8,-0.1,0.0,9.8,0.0,0.0,6.1E-4
86.800,0.04,9.8,-0.1,0.0,9.8,0.0,0.0,-6.1E-4
86.850,0.03,9.8,-0.1,0.0,9.8,0.0,0.0,-6.1E-4
86.900,0.05,9.8,-0.1,0.0,9.8,0.0,0.0,6.1E-4
86.950,0.04,9.8,-0.1,0.0,9.8,0.0,0.0,6.1E-4
87.000,0.05,9.8,-0.1,0.0,9.8,0.0,0.0,0.0
87.050,0.05,9.8,-0.1,0.0,9.8,0.0,0.0,-6.1E-4
87.100,0.04,9.8,-0.1,0.0,9.8,0.0,0.0,-6.1E-4
87.150,0.05,9.8,-0.1,0.0,9.8,0.0,0.0,-6.1E-4
87.200,0.04,9.8,-0.1,0.0,9.8,0.0,0.0,-6.1E-4
87.250,0.04,9.8,-0.1,0.0,9.8,0.0,0.0,-6.1E-4
87.300,0.03,9.8,-0.1,0.0,9.8,0.0,0.0,6.1E-4
87.350,0.03,9.8,-0.1,0.0,9.8,0.0,0.0,-6.1E-4
87.400,0.03,9.8,-0.1,0.0,9.8,0.0,0.0,0.0
87.450,0.04,9.8,-0.1,0.0,9.8,0.0,0.0,-6.1E-4
87.500,0.04,9.8,-0.1,0.0,9.8,0.0,0.0,-6.1E-4
87.550,0.03,9.8,0.0,0.0,9.8,0.0,0.0,6.1E-4
87.600,0.04,9.8,-0.1,0.0,9.8,0.0,0.0,-6.1E-4
87.650,0.05,9.8,-0.1,0.0,9.8,0.0,0.0,-6.1E-4
87.700,0.04,9.8,-0.1,0.0,9.8,0.0,0.0,-6.1E-4
87.750,0.03,9.8,-0.1,0.0,9.8,0.0,0.0,-6.1E-4
87.800,0.03,9.8,-0.1,0.0,9.8,0.0,0.0,-6.1E-4
87.850,0.04,9.8,-0.1,0.0,9.8,0.0,0.0,-6.1E-4
87.900,0.05,9.8,-0.1,0.0,9.8,0.0,0.0,-6.1E-4
87.950,0.03,9.8,-0.1,0.0,9.8,0.0,0.0,-6.1E-4
88.000,0.04,9.8,-0.1,0.0,9.8,0.0,0.0,0.0
88.050,0.04,9.8,-0.1,0.0,9.8,0.0,0.0,6.1E-4
88.100,0.02,9.8,-0.1,0.0,9.8,0.0,0.0,-6.1E-4
88.150,0.03,9.8,-0.1,0.0,9.8,0.0,0.0,0.0
88.200,0.03,9.8,-0.1,0.0,9.8,0.0,0.0,-6.1E-4
88.250,0.04,9.8,-0.1,0.0,9.8,0.0,0.0,-6.1E-4
88.300,0.03,9.8,-0.1,0.0,9.8,0.0,0.0,-6.1E-4
88.350,0.03,9.8,-0.1,0.0,9.8,0.0,0.0,-6.1E-4
88.400,0.04,9.8,-0.1,0.0,9.8,0.0,0.0,-6.1E-4
88.450,0.03,9.8,-0.1,0.0,9.8,0.0,0.0,-6.1E-4
88.500,0.03,9.8,-0.1,0.0,9.8,0.0,0.0,-6.1E-4
88.550,0.04,9.8,-0.1,0.0,9.8,0.0,0.0,0.0
88.600,0.02,9.8,-0.1,0.0,9.8,0.0,0.0,0.0
88.650,0.02,9.8,-0.1,0.0,9.8,0.0,0.0,-6.1E-4
88.700,0.02,9.8,-0.1,0.0,9.8,0.0,0.0,6.1E-4
88.750,0.02,9.8,-0.1,0.0,9.8,0.0,0.0,-6.1E-4
88.800,0.02,9.8,-0.1,0.0,9.8,0.0,0.0,0.0
88.850,0.04,9.8,-0.1,0.0,9.8,0.0,0.0,-6.1E-4
88.900,0.03,9.8,-0.1,0.0,9.8,0.0,0.0,-6.1E-4
88.950,0.04,9.8,-0.1,0.0,9.8,0.0,0.0,-6.1E-4
89.000,0.04,9.8,-0.1,0.0,9.8,0.0,0.0,0.0
89.050,0.04,9.8,-0.1,0.0,9.8,0.0,0.0,6.1E-4
89.100,0.04,9.8,-0.1,0.0,9.8,0.0,0.0,-6.1E-4
89.150,0.03,9.8,-0.1,0.0,9.8,0.0,0.0,-6.1E-4
89.200,0.04,9.8,-0.1,0.0,9.8,0.0,0.0,6.1E-4
89.250,0.04,9.8,-0.1,0.0,9.8,0.0,0.0,0.0
89.300,0.04,9.8,-0.1,0.0,9.8,0.0,0.0,-6.1E-4
89.350,0.04,9.8,-0.1,0.0,9.8,0.0,0.0,-6.1E-4
89.400,0.04,9.8,-0.1,0.0,9.8,0.0,0.0,-6.1E-4
89.450,0.04,9.8,-0.1,0.0,9.8,0.0,0.0,-6.1E-4
89.500,0.04,9.8,-0.1,0.0,9.8,0.0,0.0,6.1E-4
89.550,0.04,9.8,-0.1,0.0,9.8,0.0,0.0,-6.1E-4
89.600,0.03,9.8,-0.1,0.0,9.8,0.0,0.0,6.1E-4
89.650,0.03,9.8,-0.1,0.0,9.8,0.0,0.0,6.1E-4
89.700,0.04,9.8,0.0,0.0,9.8,0.0,0.0,-6.1E-4
89.750,0.05,9.8,-0.1,0.0,9.8,0.0,0.0,-6.1E-4
89.800,0.04,9.8,-0.1,0.0,9.8,0.0,0.0,-6.1E-4
89.850,0.03,9.8,-0.1,0.0,9.8,0.0,0.0,0.0
89.900,0.05,9.8,-0.1,0.0,9.8,0.0,0.0,-6.1E-4
89.950,0.04,9.8,-0.1,0.0,9.8,0.0,0.0,-6.1E-4
90.000,0.04,9.8,-0.1,0.0,9.8,0.0,0.0,-6.1E-4
90.050,0.04,9.8,-0.1,0.0,9.8,0.0,0.0,-6.1E-4
90.100,0.04,9.8,-0.1,0.0,9.8,0.0,0.0,-6.1E-4
90.150,0.05,9.8,-0.1,0.0,9.8,0.0,0.0,6.1E-4
90.200,0.05,9.8,-0.1,0.0,9.8,0.0,0.0,-6.1E-4
90.250,0.05,9.8,-0.1,0.0,9.8,0.0,0.0,-6.1E-4
90.300,0.04,9.8,-0.1,0.0,9.8,0.0,0.0,0.0
90.350,0.05,9.8,-0.1,0.0,9.8,0.0,0.0,6.1E-4
90.400,0.04,9.8,-0.1,0.0,9.8,0.0,0.0,-6.1E-4
90.450,0.05,9.8,-0.1,0.0,9.8,0.0,0.0,-6.1E-4
90.500,0.05,9.8,-0.1,0.0,9.8,0.0,0.0,6.1E-4
90.550,0.05,9.8,-0.1,0.0,9.8,0.0,0.0,-6.1E-4
90.600,0.05,9.8,-0.1,0.0,9.8,0.0,0.0,6.1E-4
90.650,0.04,9.8,-0.1,0.0,9.8,0.0,0.0,-6.1E-4
90.700,0.05,9.8,-0.1,0.0,9.8,0.0,0.0,-6.1E-4
90.750,0.05,9.8,-0.1,0.0,9.8,0.0,0.0,-6.1E-4
90.800,0.04,9.8,-0.1,0.0,9.8,0.0,0.0,6.1E-4
90.850,0.04,9.8,-0.1,0.0,9.8,0.0,0.0,-6.1E-4
90.900,0.05,9.8,-0.1,0.0,9.8,0.0,0.0,-6.1E-4
90.950,0.04,9.8,-0.1,0.0,9.8,0.0,0.0,6.1E-4
91.000,0.04,9.8,-0.1,0.0,9.8,0.0,0.0,-6.1E-4
91.050,0.04,9.8,-0.1,0.0,9.8,0.0,0.0,6.1E-4
91.100,0.05,9.8,-0.1,0.0,9.8,0.0,0.0,0.0
91.150,0.04,9.8,-0.1,0.0,9.8,0.0,0.0,-6.1E-4
91.200,0.04,9.8,-0.1,0.0,9.8,0.0,0.0,6.1E-4
91.250,0.04,9.8,-0.1,0.0,9.8,0.0,0.0,0.0
91.300,0.05,9.8,-0.1,0.0,9.8,0.0,0.0,6.1E-4
91.350,0.05,9.8,-0.1,0.0,9.8,0.0,0.0,-6.1E-4
91.400,0.05,9.8,0.0,0.0,9.8,0.0,0.0,-6.1E-4
91.450,0.03,9.8,-0.1,0.0,9.8,0.0,0.0,-6.1E-4
91.500,0.04,9.8,-0.1,0.0,9.8,0.0,0.0,0.0
91.550,0.05,9.8,-0.1,0.0,9.8,0.0,0.0,-6.1E-4
91.600,0.05,9.8,0.0,0.0,9.8,0.0,0.0,-6.1E-4
91.650,0.05,9.8,-0.1,0.0,9.8,0.0,0.0,6.1E-4
91.700,0.05,9.8,0.0,0.0,9.8,0.0,0.0,6.1E-4
91.750,0.05,9.8,-0.1,0.0,9.8,0.0,0.0,-6.1E-4
91.800,0.04,9.8,0.0,0.0,9.8,0.0,0.0,6.1E-4
91.850,0.04,9.8,-0.1,0.0,9.8,0.0,0.0,6.1E-4
91.900,0.04,9.8,-0.1,0.0,9.8,0.0,0.0,-6.1E-4
91.950,0.04,9.8,-0.1,0.0,9.8,0.0,0.0,-6.1E-4
92.000,0.04,9.8,-0.1,0.0,9.8,0.0,0.0,6.1E-4
92.050,0.04,9.8,-0.1,0.0,9.8,0.0,0.0,0.0
92.100,0.05,9.8,-0.1,0.0,9.8,0.0,0.0,6.1E-4
92.150,0.05,9.8,-0.1,0.0,9.8,0.0,0.0,-6.1E-4
92.200,0.04,9.8,-0.1,0.0,9.8,0.0,0.0,6.1E-4
92.250,0.05,9.8,-0.1,0.0,9.8,0.0,0.0,-6.1E-4
92.300,0.05,9.8,-0.1,0.0,9.8,0.0,0.0,-6.1E-4
92.350,0.06,9.8,-0.1,0.0,9.8,0.0,0.0,-6.1E-4
92.400,0.05,9.8,-0.1,0.0,9.8,0.0,0.0,-6.1E-4
92.450,0.05,9.8,-0.1,0.0,9.8,0.0,0.0,-6.1E-4
92.500,0.05,9.8,-0.1,0.0,9.8,0.0,0.0,-6.1E-4
92.550,0.05,9.8,-0.1,0.0,9.8,0.0,0.0,0.0
92.600,0.06,9.8,-0.1,0.0,9.8,0.0,0.0,6.1E-4
92.650,0.05,9.8,-0.1,0.0,9.8,0.0,0.0,-6.1E-4
92.700,0.05,9.8,-0.1,0.0,9.8,0.0,0.0,-6.1E-4
92.750,0.05,9.8,-0.1,0.0,9.8,0.0,0.0,6.1E-4
92.800,0.05,9.8,-0.1,0.0,9.8,0.0,0.0,-6.1E-4
92.850,0.05,9.7,-0.1,0.0,9.7,0.0,0.0,6.1E-4
92.900,0.05,9.9,-0.1,0.0,9.9,0.0,0.0,-6.1E-4
92.950,0.04,9.9,0.0,0.0,9.9,0.0,0.0,0.0
93.000,0.05,9.8,-0.1,0.1,9.8,0.0,0.0,0.0
93.050,0.05,9.8,-0.1,0.0,9.8,0.0,0.0,0.0
93.100,0.05,9.8,0.0,0.0,9.8,0.0,0.0,6.1E-4
93.150,0.05,9.8,-0.1,0.0,9.8,0.0,0.0,-6.1E-4
93.200,0.05,9.8,0.0,0.0,9.8,0.0,0.0,0.0
93.250,0.04,9.8,-0.1,0.0,9.8,0.0,0.0,-6.1E-4
93.300,0.06,9.8,-0.1,0.1,9.8,0.0,0.0,-6.1E-4
93.350,0.04,9.8,-0.1,0.0,9.8,0.0,0.0,-6.1E-4
93.400,0.05,9.8,-0.1,0.0,9.8,0.0,0.0,-6.1E-4
93.450,0.04,9.8,-0.1,0.0,9.8,0.0,0.0,6.1E-4
93.500,0.05,9.8,-0.1,0.0,9.8,0.0,0.0,-6.1E-4
93.550,0.04,9.8,-0.1,0.0,9.8,0.0,0.0,-6.1E-4
93.600,0.05,9.8,-0.1,0.0,9.8,0.0,0.0,6.1E-4
93.650,0.04,9.8,-0.1,0.0,9.8,0.0,0.0,0.0
93.700,0.04,9.8,-0.1,0.0,9.8,0.0,0.0,-6.1E-4
93.750,0.04,9.8,-0.1,0.0,9.8,0.0,0.0,0.0
93.800,0.04,9.8,-0.1,0.0,9.8,0.0,0.0,6.1E-4
93.850,0.05,9.8,-0.1,0.0,9.8,0.0,0.0,-6.1E-4
93.900,0.04,9.8,-0.1,0.0,9.8,0.0,0.0,-6.1E-4
93.950,0.05,9.8,-0.1,0.0,9.8,0.0,0.0,-6.1E-4
94.000,0.04,9.8,-0.1,0.0,9.8,0.0,0.0,-6.1E-4
94.050,0.05,9.8,-0.1,0.0,9.8,0.0,0.0,0.0
94.100,0.05,9.8,-0.1,0.0,9.8,0.0,0.0,0.0
94.150,0.05,9.8,-0.1,0.0,9.8,0.0,0.0,6.1E-4
94.200,0.05,9.8,-0.1,0.0,9.8,0.0,0.0,-6.1E-4
94.250,0.05,9.8,-0.1,0.0,9.8,0.0,0.0,0.0
94.300,0.05,9.8,-0.1,0.0,9.8,0.0,0.0,0.0
94.350,0.04,9.8,-0.1,0.0,9.8,0.0,0.0,-6.1E-4
94.400,0.04,9.8,-0.1,0.0,9.8,0.0,0.0,-6.1E-4
94.450,0.04,9.8,-0.1,0.0,9.8,0.0,0.0,-6.1E-4
94.500,0.05,9.8,-0.1,0.0,9.8,0.0,0.0,-6.1E-4
94.550,0.05,9.8,-0.1,0.0,9.8,0.0,0.0,0.0
94.600,0.05,9.8,-0.1,0.0,9.8,0.0,0.0,-6.1E-4
94.650,0.05,9.8,-0.1,0.0,9.8,0.0,0.0,-6.1E-4
94.700,0.05,9.8,0.0,0.0,9.8,0.0,0.0,-6.1E-4
94.750,0.04,9.8,-0.1,0.0,9.8,0.0,0.0,-6.1E-4
94.800,0.03,9.8,0.0,0.0,9.8,0.0,0.0,6.1E-4
94.850,0.03,9.8,-0.1,0.0,9.8,0.0,0.0,0.0
94.900,0.04,9.8,-0.1,0.0,9.8,0.0,0.0,6.1E-4
94.950,0.03,9.8,-0.1,0.0,9.8,0.0,0.0,-6.1E-4
95.000,0.04,9.8,-0.1,0.0,9.8,-1.2E-4,0.0,6.1E-4
95.050,0.05,9.8,-0.1,0.0,9.8,0.0,0.0,-6.1E-4
95.100,0.04,9.8,1.9E-4,0.0,9.8,0.0,0.0,6.1E-4
95.150,0.05,9.8,0.0,0.1,9.8,0.0,0.0,0.0
95.200,0.03,9.8,-0.3,-0.1,9.8,0.0,0.0,0.0
95.250,0.04,9.9,0.3,0.0,9.9,0.0,0.0,0.0
95.300,0.05,9.8,-0.3,0.1,9.8,0.0,0.0,0.0
95.350,0.04,9.8,0.1,0.0,9.8,0.0,0.0,0.0
95.400,0.05,9.8,-0.1,-0.1,9.8,0.0,0.0,0.0
95.450,0.04,9.8,-0.1,0.1,9.8,0.0,0.0,0.0
95.500,0.05,9.8,-0.2,0.0,9.8,0.0,0.0,0.0
95.550,0.04,9.8,0.2,0.0,9.8,0.0,0.0,0.0
95.600,0.04,9.8,-0.3,0.0,9.8,0.0,0.0,0.0
95.650,0.05,9.8,0.1,0.0,9.8,0.0,0.0,0.0
95.700,0.04,9.8,-0.1,-0.1,9.8,0.0,0.0,0.0
95.750,0.03,9.9,0.0,0.1,9.9,0.0,0.0,0.0
95.800,0.04,9.8,-0.2,0.0,9.8,0.0,0.0,0.0
95.850,0.04,9.8,0.1,-0.1,9.8,0.0,0.0,0.0
95.900,0.04,9.8,-0.2,0.0,9.8,0.0,0.0,0.0
95.950,0.06,,,,,,,
