"Time (s) Run #12","Force (N) Run #12","Time (s) Run #13","Force (N) Run #13","Time (s) Run #14","Force (N) Run #14","Time (s) Run #15","Force (N) Run #15","Time (s) Run #16","Force (N) Run #16"
0.000,0.01,0.000,0.02,0.000,0.06,0.000,0.09,0.000,0.15
0.050,0.02,0.050,0.02,0.050,0.06,0.050,0.10,0.050,0.15
0.100,0.01,0.100,0.01,0.100,0.06,0.100,0.09,0.100,0.16
0.150,0.02,0.150,0.02,0.150,0.06,0.150,0.10,0.150,0.16
0.200,0.02,0.200,0.03,0.200,0.06,0.200,0.10,0.200,0.15
0.250,0.01,0.250,0.02,0.250,0.07,0.250,0.09,0.250,0.16
0.300,0.01,0.300,0.03,0.300,0.08,0.300,0.09,0.300,0.15
0.350,0.01,0.350,0.04,0.350,0.06,0.350,0.10,0.350,0.15
0.400,0.01,0.400,0.03,0.400,0.06,0.400,0.10,0.400,0.15
0.450,0.01,0.450,0.03,0.450,0.06,0.450,0.10,0.450,0.15
0.500,0.01,0.500,0.04,0.500,0.06,0.500,0.09,0.500,0.15
0.550,0.01,0.550,0.02,0.550,0.05,0.550,0.08,0.550,0.16
0.600,0.03,0.600,0.03,0.600,0.06,0.600,0.09,0.600,0.15
0.650,0.02,0.650,0.03,0.650,0.05,0.650,0.09,0.650,0.16
0.700,0.02,0.700,0.02,0.700,0.05,0.700,0.10,0.700,0.16
0.750,0.01,0.750,0.02,0.750,0.05,0.750,0.09,0.750,0.15
0.800,0.01,0.800,0.03,0.800,0.05,0.800,0.11,0.800,0.16
0.850,0.01,0.850,0.04,0.850,0.06,0.850,0.09,0.850,0.16
0.900,0.02,0.900,0.04,0.900,0.06,0.900,0.11,0.900,0.15
0.950,0.03,0.950,0.03,0.950,0.05,0.950,0.09,0.950,0.14
1.000,0.02,1.000,0.03,1.000,0.04,1.000,0.09,1.000,0.15
1.050,0.03,1.050,0.02,1.050,0.04,1.050,0.10,1.050,0.15
1.100,0.02,1.100,0.03,1.100,0.06,1.100,0.10,1.100,0.14
1.150,0.01,1.150,0.04,1.150,0.04,1.150,0.11,1.150,0.14
1.200,0.01,1.200,0.04,1.200,0.05,1.200,0.10,1.200,0.15
1.250,0.02,1.250,0.04,1.250,0.04,1.250,0.10,1.250,0.15
1.300,0.01,1.300,0.03,1.300,0.04,1.300,0.10,1.300,0.15
1.350,0.02,1.350,0.04,1.350,0.05,1.350,0.10,1.350,0.15
1.400,0.03,1.400,0.03,1.400,0.05,1.400,0.10,1.400,0.14
1.450,0.02,1.450,0.03,1.450,0.05,1.450,0.08,1.450,0.14
1.500,0.02,1.500,0.03,1.500,0.05,1.500,0.10,1.500,0.14
1.550,0.02,1.550,0.03,1.550,0.04,1.550,0.10,1.550,0.14
1.600,0.02,1.600,0.02,1.600,0.05,1.600,0.10,1.600,0.13
1.650,0.02,1.650,0.02,1.650,0.05,1.650,0.10,1.650,0.14
1.700,0.02,1.700,0.03,1.700,0.05,1.700,0.10,1.700,0.14
1.750,0.02,1.750,0.03,1.750,0.04,1.750,0.09,1.750,0.15
1.800,0.02,1.800,0.04,1.800,0.05,1.800,0.10,1.800,0.14
1.850,0.02,1.850,0.03,1.850,0.04,1.850,0.10,1.850,0.14
1.900,0.02,1.900,0.03,1.900,0.05,1.900,0.10,1.900,0.15
1.950,0.03,1.950,0.04,1.950,0.06,1.950,0.10,1.950,0.15
2.000,0.02,2.000,0.03,2.000,0.05,2.000,0.11,2.000,0.15
2.050,0.03,2.050,0.04,2.050,0.05,2.050,0.10,2.050,0.16
2.100,0.02,2.100,0.02,2.100,0.05,2.100,0.11,2.100,0.16
2.150,0.03,2.150,0.02,2.150,0.05,2.150,0.10,2.150,0.16
2.200,0.02,2.200,0.02,2.200,0.04,2.200,0.10,2.200,0.16
2.250,0.02,2.250,0.03,2.250,0.06,2.250,0.10,2.250,0.15
2.300,0.02,2.300,0.03,2.300,0.04,2.300,0.09,2.300,0.15
2.350,0.02,2.350,0.02,2.350,0.05,2.350,0.11,2.350,0.15
2.400,0.02,2.400,0.03,2.400,0.04,2.400,0.09,2.400,0.15
2.450,0.02,2.450,0.04,2.450,0.04,2.450,0.08,2.450,0.16
2.500,0.01,2.500,0.04,2.500,0.05,2.500,0.09,2.500,0.15
2.550,0.02,2.550,0.02,2.550,0.06,2.550,0.09,2.550,0.15
2.600,0.01,2.600,0.03,2.600,0.06,2.600,0.10,2.600,0.16
2.650,0.03,2.650,0.03,2.650,0.03,2.650,0.10,2.650,0.15
2.700,0.04,2.700,0.03,2.700,0.06,2.700,0.09,2.700,0.15
2.750,0.04,2.750,0.02,2.750,0.04,2.750,0.09,2.750,0.15
2.800,0.03,2.800,0.03,2.800,0.04,2.800,0.11,2.800,0.15
2.850,0.03,2.850,0.02,2.850,0.04,2.850,0.10,2.850,0.15
2.900,0.02,2.900,0.04,2.900,0.05,2.900,0.09,2.900,0.15
2.950,0.04,2.950,0.03,2.950,0.06,2.950,0.10,2.950,0.15
3.000,0.04,3.000,0.03,3.000,0.06,3.000,0.09,3.000,0.16
3.050,0.02,3.050,0.04,3.050,0.05,3.050,0.09,3.050,0.16
3.100,0.03,3.100,0.04,3.100,0.05,3.100,0.11,3.100,0.15
3.150,0.03,3.150,0.03,3.150,0.05,3.150,0.10,3.150,0.15
3.200,0.03,3.200,0.05,3.200,0.04,3.200,0.11,3.200,0.15
3.250,0.02,3.250,0.04,3.250,0.06,3.250,0.11,3.250,0.15
3.300,0.03,3.300,0.04,3.300,0.05,3.300,0.09,3.300,0.16
3.350,0.04,3.350,0.03,3.350,0.05,3.350,0.10,3.350,0.15
3.400,0.03,3.400,0.04,3.400,0.07,3.400,0.09,3.400,0.15
3.450,0.03,3.450,0.03,3.450,0.06,3.450,0.09,3.450,0.16
3.500,0.02,3.500,0.04,3.500,0.04,3.500,0.10,3.500,0.16
3.550,0.02,3.550,0.04,3.550,0.05,3.550,0.10,3.550,0.15
3.600,0.05,3.600,0.05,3.600,0.06,3.600,0.11,3.600,0.15
3.650,0.03,3.650,0.05,3.650,0.05,3.650,0.09,3.650,0.15
3.700,0.03,3.700,0.05,3.700,0.06,3.700,0.10,3.700,0.15
3.750,0.04,3.750,0.04,3.750,0.06,3.750,0.09,3.750,0.15
3.800,0.03,3.800,0.03,3.800,0.05,3.800,0.10,3.800,0.14
3.850,0.03,3.850,0.03,3.850,0.06,3.850,0.09,3.850,0.14
3.900,0.03,3.900,0.03,3.900,0.05,3.900,0.09,3.900,0.16
3.950,0.03,3.950,0.03,3.950,0.05,3.950,0.10,3.950,0.15
4.000,0.03,4.000,0.04,4.000,0.05,4.000,0.11,4.000,0.16
4.050,0.03,4.050,0.02,4.050,0.05,4.050,0.11,4.050,0.16
4.100,0.03,4.100,0.03,4.100,0.06,4.100,0.10,4.100,0.15
4.150,0.03,4.150,0.03,4.150,0.06,4.150,0.10,4.150,0.14
4.200,0.04,4.200,0.03,4.200,0.06,4.200,0.10,4.200,0.15
4.250,0.01,4.250,0.05,4.250,0.07,4.250,0.11,4.250,0.15
4.300,0.01,4.300,0.02,4.300,0.05,4.300,0.10,4.300,0.15
4.350,0.02,4.350,0.03,4.350,0.05,4.350,0.10,4.350,0.16
4.400,0.02,4.400,0.02,4.400,0.06,4.400,0.09,4.400,0.16
4.450,0.02,4.450,0.02,4.450,0.05,4.450,0.11,4.450,0.16
4.500,0.04,4.500,0.03,4.500,0.06,4.500,0.11,4.500,0.15
4.550,0.02,4.550,0.03,4.550,0.06,4.550,0.08,4.550,0.16
4.600,0.03,4.600,0.04,4.600,0.07,4.600,0.09,4.600,0.16
4.650,0.03,4.650,0.03,4.650,0.05,4.650,0.10,4.650,0.15
4.700,0.03,4.700,0.02,4.700,0.06,4.700,0.09,4.700,0.15
4.750,0.02,4.750,0.03,4.750,0.06,4.750,0.10,4.750,0.15
4.800,0.02,4.800,0.02,4.800,0.06,4.800,0.10,4.800,0.15
4.850,0.02,4.850,0.03,4.850,0.05,4.850,0.10,4.850,0.15
4.900,0.02,4.900,0.02,4.900,0.05,4.900,0.10,4.900,0.16
4.950,0.01,4.950,0.02,4.950,0.06,4.950,0.11,4.950,0.16
5.000,0.02,5.000,0.03,5.000,0.05,5.000,0.12,5.000,0.16
5.050,0.01,5.050,0.01,5.050,0.04,5.050,0.10,5.050,0.16
5.100,0.03,5.100,0.02,5.100,0.04,5.100,0.09,5.100,0.15
5.150,0.03,5.150,0.02,5.150,0.07,5.150,0.09,5.150,0.15
5.200,0.01,5.200,0.04,5.200,0.06,5.200,0.09,5.200,0.16
5.250,0.02,5.250,0.03,5.250,0.05,5.250,0.10,5.250,0.17
5.300,0.01,5.300,0.04,5.300,0.04,5.300,0.10,5.300,0.16
5.350,0.01,5.350,0.02,5.350,0.05,5.350,0.11,5.350,0.17
5.400,0.02,5.400,0.02,5.400,0.05,5.400,0.11,5.400,0.16
5.450,0.02,5.450,0.02,5.450,0.03,5.450,0.11,5.450,0.16
5.500,0.02,5.500,0.03,5.500,0.03,5.500,0.10,5.500,0.16
5.550,0.03,5.550,0.03,5.550,0.05,5.550,0.09,5.550,0.15
5.600,0.04,5.600,0.04,5.600,0.04,5.600,0.10,5.600,0.16
5.650,0.02,5.650,0.04,5.650,0.05,5.650,0.09,5.650,0.14
5.700,0.01,5.700,0.05,5.700,0.05,5.700,0.08,5.700,0.14
5.750,0.02,5.750,0.03,5.750,0.05,5.750,0.10,5.750,0.15
5.800,0.02,5.800,0.03,5.800,0.04,5.800,0.09,5.800,0.14
5.850,0.04,5.850,0.03,5.850,0.05,5.850,0.09,5.850,0.14
5.900,0.03,5.900,0.02,5.900,0.05,5.900,0.09,5.900,0.15
5.950,0.02,5.950,0.02,5.950,0.04,5.950,0.09,5.950,0.15
6.000,0.02,6.000,0.04,6.000,0.05,6.000,0.09,6.000,0.14
6.050,0.02,6.050,0.04,6.050,0.05,6.050,0.10,6.050,0.16
6.100,0.01,6.100,0.04,6.100,0.05,6.100,0.10,6.100,0.15
6.150,0.01,6.150,0.04,6.150,0.07,6.150,0.10,6.150,0.15
6.200,0.02,6.200,0.05,6.200,0.04,6.200,0.09,6.200,0.14
6.250,0.03,6.250,0.05,6.250,0.05,6.250,0.09,6.250,0.15
6.300,0.02,6.300,0.05,6.300,0.05,6.300,0.09,6.300,0.14
6.350,0.02,6.350,0.04,6.350,0.04,6.350,0.09,6.350,0.15
6.400,0.02,6.400,0.04,6.400,0.04,6.400,0.09,6.400,0.14
6.450,0.02,6.450,0.04,6.450,0.04,6.450,0.09,6.450,0.16
6.500,0.02,6.500,0.02,6.500,0.05,6.500,0.08,6.500,0.16
6.550,0.02,6.550,0.04,6.550,0.05,6.550,0.09,6.550,0.14
6.600,0.03,6.600,0.04,6.600,0.05,6.600,0.08,6.600,0.15
6.650,0.02,6.650,0.03,6.650,0.05,6.650,0.08,6.650,0.15
6.700,0.02,6.700,0.02,6.700,0.04,6.700,0.10,6.700,0.15
6.750,0.01,6.750,0.04,6.750,0.05,6.750,0.08,6.750,0.15
6.800,0.02,6.800,0.03,6.800,0.05,6.800,0.08,6.800,0.14
6.850,0.03,6.850,0.01,6.850,0.04,6.850,0.09,6.850,0.15
6.900,0.02,6.900,0.03,6.900,0.05,6.900,0.09,6.900,0.15
6.950,0.02,6.950,0.03,6.950,0.04,6.950,0.10,6.950,0.15
7.000,0.01,7.000,0.02,7.000,0.06,7.000,0.07,7.000,0.15
7.050,0.02,7.050,0.03,7.050,0.03,7.050,0.08,7.050,0.15
7.100,0.01,7.100,0.02,7.100,0.05,7.100,0.08,7.100,0.15
7.150,0.02,7.150,0.04,7.150,0.03,7.150,0.09,7.150,0.15
7.200,0.02,7.200,0.05,7.200,0.03,7.200,0.09,7.200,0.15
7.250,0.03,7.250,0.04,7.250,0.05,7.250,0.09,7.250,0.15
7.300,0.01,7.300,0.04,7.300,0.03,7.300,0.08,7.300,0.15
7.350,0.01,7.350,0.04,7.350,0.03,7.350,0.10,7.350,0.16
7.400,0.01,7.400,0.04,7.400,0.05,7.400,0.10,7.400,0.15
7.450,0.01,7.450,0.05,7.450,0.04,7.450,0.09,7.450,0.16
7.500,0.01,7.500,0.04,7.500,0.04,7.500,0.09,7.500,0.15
7.550,0.02,7.550,0.06,7.550,0.05,7.550,0.09,7.550,0.15
7.600,0.04,7.600,0.06,7.600,0.04,7.600,0.09,7.600,0.14
7.650,0.03,7.650,0.05,7.650,0.06,7.650,0.09,7.650,0.15
7.700,0.04,7.700,0.05,7.700,0.07,7.700,0.09,7.700,0.15
7.750,0.02,7.750,0.06,7.750,0.07,7.750,0.09,7.750,0.15
7.800,0.03,7.800,0.06,7.800,0.06,7.800,0.08,7.800,0.16
7.850,0.02,7.850,0.04,7.850,0.05,7.850,0.09,7.850,0.16
7.900,0.02,7.900,0.04,7.900,0.05,7.900,0.09,7.900,0.15
7.950,0.02,7.950,0.05,7.950,0.05,7.950,0.09,7.950,0.15
8.000,0.01,8.000,0.06,8.000,0.06,8.000,0.10,8.000,0.15
8.050,0.01,8.050,0.05,8.050,0.05,8.050,0.09,8.050,0.15
8.100,0.02,8.100,0.05,8.100,0.04,8.100,0.09,8.100,0.15
8.150,0.01,8.150,0.04,8.150,0.05,8.150,0.10,8.150,0.16
8.200,0.01,8.200,0.04,8.200,0.04,8.200,0.09,8.200,0.15
8.250,0.01,8.250,0.03,8.250,0.05,8.250,0.10,8.250,0.15
8.300,0.01,8.300,0.03,8.300,0.06,8.300,0.10,8.300,0.15
8.350,0.01,8.350,0.03,8.350,0.05,8.350,0.11,8.350,0.16
8.400,0.01,8.400,0.04,8.400,0.06,8.400,0.10,8.400,0.14
8.450,0.02,8.450,0.04,8.450,0.07,8.450,0.10,8.450,0.15
8.500,0.02,8.500,0.03,8.500,0.06,8.500,0.11,8.500,0.15
8.550,0.01,8.550,0.03,8.550,0.03,8.550,0.10,8.550,0.15
8.600,0.01,8.600,0.02,8.600,0.03,8.600,0.11,8.600,0.15
8.650,0.02,8.650,0.02,8.650,0.04,8.650,0.10,8.650,0.16
8.700,0.02,8.700,0.04,8.700,0.04,8.700,0.10,8.700,0.16
8.750,0.02,8.750,0.03,8.750,0.04,8.750,0.10,8.750,0.16
8.800,0.02,8.800,0.03,8.800,0.05,8.800,0.10,8.800,0.16
8.850,0.03,8.850,0.04,8.850,0.04,8.850,0.08,8.850,0.15
8.900,0.03,8.900,0.03,8.900,0.05,8.900,0.08,8.900,0.16
8.950,0.03,8.950,0.02,8.950,0.05,8.950,0.08,8.950,0.16
9.000,0.03,9.000,0.02,9.000,0.03,9.000,0.08,9.000,0.15
9.050,0.02,9.050,0.04,9.050,0.05,9.050,0.09,9.050,0.16
9.100,0.04,9.100,0.03,9.100,0.03,9.100,0.09,9.100,0.15
9.150,0.03,9.150,0.03,9.150,0.05,9.150,0.08,9.150,0.15
9.200,0.02,9.200,0.02,9.200,0.04,9.200,0.10,9.200,0.15
9.250,0.02,9.250,0.03,9.250,0.06,9.250,0.10,9.250,0.15
9.300,0.02,9.300,0.03,9.300,0.05,9.300,0.10,9.300,0.15
9.350,0.03,9.350,0.04,9.350,0.05,9.350,0.11,9.350,0.16
9.400,0.02,9.400,0.04,9.400,0.05,9.400,0.10,9.400,0.16
9.450,0.04,9.450,0.04,9.450,0.06,9.450,0.10,9.450,0.15
9.500,0.03,9.500,0.03,9.500,0.07,9.500,0.10,9.500,0.16
9.550,0.02,9.550,0.04,9.550,0.06,9.550,0.10,9.550,0.15
9.600,0.03,9.600,0.04,9.600,0.06,9.600,0.10,9.600,0.14
9.650,0.02,9.650,0.03,9.650,0.06,9.650,0.10,9.650,0.14
9.700,0.02,9.700,0.02,9.700,0.05,9.700,0.10,9.700,0.15
9.750,0.02,9.750,0.05,9.750,0.06,9.750,0.10,9.750,0.15
9.800,0.03,9.800,0.03,9.800,0.06,9.800,0.10,9.800,0.16
9.850,0.02,9.850,0.03,9.850,0.06,9.850,0.10,9.850,0.15
9.900,0.01,9.900,0.04,9.900,0.05,9.900,0.09,9.900,0.16
9.950,0.01,9.950,0.04,9.950,0.06,9.950,0.09,9.950,0.16
10.000,0.02,10.000,0.04,10.000,0.05,10.000,0.09,10.000,0.15
10.050,0.02,10.050,0.03,10.050,0.05,10.050,0.09,10.050,0.14
10.100,0.02,10.100,0.03,10.100,0.06,10.100,0.09,10.100,0.15
10.150,0.03,10.150,0.03,10.150,0.06,10.150,0.07,10.150,0.15
10.200,0.01,10.200,0.03,10.200,0.05,10.200,0.08,10.200,0.14
10.250,0.02,10.250,0.04,10.250,0.04,10.250,0.08,10.250,0.15
10.300,0.03,10.300,0.03,10.300,0.04,10.300,0.07,10.300,0.15
10.350,0.03,10.350,0.04,10.350,0.05,10.350,0.08,10.350,0.15
10.400,0.03,10.400,0.03,10.400,0.06,10.400,0.08,10.400,0.15
10.450,0.02,10.450,0.03,10.450,0.05,10.450,0.08,10.450,0.14
10.500,0.02,10.500,0.03,10.500,0.06,10.500,0.09,10.500,0.15
10.550,0.02,10.550,0.03,10.550,0.07,10.550,0.09,10.550,0.14
10.600,0.01,10.600,0.05,10.600,0.05,10.600,0.09,10.600,0.15
10.650,0.02,10.650,0.03,10.650,0.05,10.650,0.08,10.650,0.15
10.700,0.02,10.700,0.03,10.700,0.05,10.700,0.09,10.700,0.15
10.750,0.02,10.750,0.04,10.750,0.05,10.750,0.08,10.750,0.15
10.800,0.02,10.800,0.04,10.800,0.05,10.800,0.08,10.800,0.15
10.850,0.02,10.850,0.02,10.850,0.05,10.850,0.09,10.850,0.15
10.900,0.02,10.900,0.02,10.900,0.04,10.900,0.09,10.900,0.15
10.950,0.03,10.950,0.04,10.950,0.05,10.950,0.10,10.950,0.16
11.000,0.03,11.000,0.04,11.000,0.03,11.000,0.09,11.000,0.16
11.050,0.03,11.050,0.04,11.050,0.05,11.050,0.09,11.050,0.15
11.100,0.02,11.100,0.04,11.100,0.06,11.100,0.09,11.100,0.15
11.150,0.02,11.150,0.03,11.150,0.05,11.150,0.09,11.150,0.14
11.200,0.02,11.200,0.02,11.200,0.05,11.200,0.09,11.200,0.15
11.250,0.02,11.250,0.02,11.250,0.04,11.250,0.10,11.250,0.16
11.300,0.02,11.300,0.03,11.300,0.04,11.300,0.09,11.300,0.16
11.350,0.02,11.350,0.03,11.350,0.04,11.350,0.08,11.350,0.14
11.400,0.03,11.400,0.03,11.400,0.03,11.400,0.09,11.400,0.16
11.450,0.02,11.450,0.03,11.450,0.03,11.450,0.10,11.450,0.16
11.500,0.02,11.500,0.03,11.500,0.03,11.500,0.11,11.500,0.15
11.550,0.02,11.550,0.04,11.550,0.03,11.550,0.10,11.550,0.15
11.600,0.02,11.600,0.02,11.600,0.03,11.600,0.10,11.600,0.15
11.650,0.02,11.650,0.03,11.650,0.03,11.650,0.11,11.650,0.15
11.700,0.02,11.700,0.03,11.700,0.04,11.700,0.11,11.700,0.14
11.750,0.01,11.750,0.03,11.750,0.04,11.750,0.11,11.750,0.15
11.800,0.02,11.800,0.04,11.800,0.04,11.800,0.10,11.800,0.15
11.850,0.03,11.850,0.04,11.850,0.04,11.850,0.10,11.850,0.15
11.900,0.02,11.900,0.05,11.900,0.04,11.900,0.09,11.900,0.15
11.950,0.02,11.950,0.04,11.950,0.03,11.950,0.11,11.950,0.15
12.000,0.03,12.000,0.04,12.000,0.05,12.000,0.10,12.000,0.16
12.050,0.03,12.050,0.04,12.050,0.05,12.050,0.10,12.050,0.16
12.100,0.02,12.100,0.04,12.100,0.05,12.100,0.11,12.100,0.16
12.150,0.03,12.150,0.05,12.150,0.05,12.150,0.10,12.150,0.16
12.200,0.02,12.200,0.05,12.200,0.05,12.200,0.10,12.200,0.16
12.250,0.01,12.250,0.04,12.250,0.04,12.250,0.08,12.250,0.16
12.300,0.02,12.300,0.04,12.300,0.05,12.300,0.10,12.300,0.16
12.350,0.03,12.350,0.06,12.350,0.04,12.350,0.10,12.350,0.16
12.400,0.03,12.400,0.06,12.400,0.04,12.400,0.10,12.400,0.15
12.450,0.03,12.450,0.05,12.450,0.05,12.450,0.11,12.450,0.16
12.500,0.03,12.500,0.04,12.500,0.03,12.500,0.10,12.500,0.15
12.550,0.02,12.550,0.04,12.550,0.04,12.550,0.09,12.550,0.14
12.600,0.03,12.600,0.03,12.600,0.03,12.600,0.11,12.600,0.16
12.650,0.02,12.650,0.03,12.650,0.04,12.650,0.10,12.650,0.15
12.700,0.02,12.700,0.04,12.700,0.03,12.700,0.10,12.700,0.14
12.750,0.02,12.750,0.03,12.750,0.04,12.750,0.10,12.750,0.15
12.800,0.03,12.800,0.02,12.800,0.04,12.800,0.09,12.800,0.15
12.850,0.03,12.850,0.06,12.850,0.04,12.850,0.09,12.850,0.14
12.900,0.02,12.900,0.03,12.900,0.03,12.900,0.08,12.900,0.14
12.950,0.02,12.950,0.04,12.950,0.03,12.950,0.08,12.950,0.15
13.000,0.03,13.000,0.03,13.000,0.04,13.000,0.08,13.000,0.15
13.050,0.02,13.050,0.03,13.050,0.05,13.050,0.08,13.050,0.14
13.100,0.01,13.100,0.05,13.100,0.03,13.100,0.10,13.100,0.15
13.150,0.01,13.150,0.04,13.150,0.03,13.150,0.11,13.150,0.14
13.200,0.01,13.200,0.05,13.200,0.03,13.200,0.09,13.200,0.14
13.250,0.01,13.250,0.05,13.250,0.04,13.250,0.10,13.250,0.14
13.300,0.01,13.300,0.04,13.300,0.03,13.300,0.10,13.300,0.15
13.350,0.02,13.350,0.04,13.350,0.03,13.350,0.09,13.350,0.14
13.400,0.01,13.400,0.04,13.400,0.04,13.400,0.08,13.400,0.15
13.450,0.01,13.450,0.04,13.450,0.03,13.450,0.09,13.450,0.16
13.500,0.00,13.500,0.04,13.500,0.04,13.500,0.08,13.500,0.15
13.550,0.01,13.550,0.04,13.550,0.03,13.550,0.08,13.550,0.15
13.600,0.01,13.600,0.04,13.600,0.05,13.600,0.09,13.600,0.14
13.650,0.01,13.650,0.06,13.650,0.04,13.650,0.09,13.650,0.14
13.700,0.02,13.700,0.05,13.700,0.04,13.700,0.10,13.700,0.15
13.750,0.02,13.750,0.05,13.750,0.04,13.750,0.08,13.750,0.15
13.800,0.02,13.800,0.05,13.800,0.05,13.800,0.07,13.800,0.15
13.850,0.02,13.850,0.05,13.850,0.05,13.850,0.08,13.850,0.15
13.900,0.01,13.900,0.05,13.900,0.03,13.900,0.08,13.900,0.15
13.950,0.02,13.950,0.04,13.950,0.03,13.950,0.09,13.950,0.14
14.000,0.02,14.000,0.05,14.000,0.03,14.000,0.08,14.000,0.15
14.050,0.02,14.050,0.05,14.050,0.03,14.050,0.08,14.050,0.15
14.100,0.04,14.100,0.05,14.100,0.03,14.100,0.08,14.100,0.15
14.150,0.02,14.150,0.04,14.150,0.02,14.150,0.07,14.150,0.15
14.200,0.01,14.200,0.05,14.200,0.02,14.200,0.07,14.200,0.15
14.250,0.02,14.250,0.04,14.250,0.02,14.250,0.08,14.250,0.14
14.300,0.01,14.300,0.04,14.300,0.03,14.300,0.09,14.300,0.14
14.350,0.01,14.350,0.05,14.350,0.04,14.350,0.07,14.350,0.15
14.400,0.02,14.400,0.04,14.400,0.03,14.400,0.08,14.400,0.15
14.450,0.02,14.450,0.04,14.450,0.03,14.450,0.08,14.450,0.14
14.500,0.01,14.500,0.04,14.500,0.03,14.500,0.08,14.500,0.15
14.550,0.01,14.550,0.05,14.550,0.03,14.550,0.09,14.550,0.15
14.600,0.01,14.600,0.04,14.600,0.04,14.600,0.09,14.600,0.15
14.650,0.00,14.650,0.04,14.650,0.04,14.650,0.08,14.650,0.15
14.700,0.01,14.700,0.03,14.700,0.04,14.700,0.08,14.700,0.15
14.750,0.01,14.750,0.05,14.750,0.05,14.750,0.09,14.750,0.15
14.800,0.01,14.800,0.03,14.800,0.06,14.800,0.08,14.800,0.15
14.850,0.01,14.850,0.04,14.850,0.06,14.850,0.08,14.850,0.15
14.900,0.01,14.900,0.04,14.900,0.06,14.900,0.08,14.900,0.15
14.950,0.01,14.950,0.05,14.950,0.05,14.950,0.08,14.950,0.15
15.000,0.01,15.000,0.04,15.000,0.04,15.000,0.09,15.000,0.15
15.050,0.00,15.050,0.04,15.050,0.05,15.050,0.08,15.050,0.15
15.100,0.01,15.100,0.03,15.100,0.04,15.100,0.09,15.100,0.14
15.150,0.01,15.150,0.03,15.150,0.04,15.150,0.09,15.150,0.14
15.200,0.03,15.200,0.04,15.200,0.03,15.200,0.10,15.200,0.15
15.250,0.02,15.250,0.04,15.250,0.03,15.250,0.10,15.250,0.14
15.300,0.01,15.300,0.02,15.300,0.03,15.300,0.10,15.300,0.15
15.350,0.01,15.350,0.03,15.350,0.03,15.350,0.09,15.350,0.15
15.400,0.01,15.400,0.04,15.400,0.03,15.400,0.10,15.400,0.16
15.450,0.01,15.450,0.03,15.450,0.04,15.450,0.10,15.450,0.15
15.500,0.00,15.500,0.03,15.500,0.04,15.500,0.10,15.500,0.17
15.550,0.01,15.550,0.04,15.550,0.03,15.550,0.10,15.550,0.16
15.600,0.01,15.600,0.05,15.600,0.04,15.600,0.09,15.600,0.16
15.650,0.00,15.650,0.06,15.650,0.04,15.650,0.10,15.650,0.17
15.700,0.01,15.700,0.04,15.700,0.04,15.700,0.09,15.700,0.17
15.750,0.01,15.750,0.05,15.750,0.05,15.750,0.09,15.750,0.16
15.800,0.01,15.800,0.04,15.800,0.02,15.800,0.09,15.800,0.16
15.850,0.01,15.850,0.05,15.850,0.02,15.850,0.09,15.850,0.16
15.900,0.02,15.900,0.05,15.900,0.04,15.900,0.09,15.900,0.15
15.950,0.01,15.950,0.05,15.950,0.03,15.950,0.09,15.950,0.15
16.000,0.01,16.000,0.06,16.000,0.04,16.000,0.09,16.000,0.16
16.050,0.01,16.050,0.04,16.050,0.05,16.050,0.09,16.050,0.16
16.100,0.00,16.100,0.04,16.100,0.04,16.100,0.11,16.100,0.15
16.150,0.01,16.150,0.04,16.150,0.03,16.150,0.10,16.150,0.16
16.200,0.01,16.200,0.04,16.200,0.03,16.200,0.09,16.200,0.16
16.250,0.00,16.250,0.03,16.250,0.03,16.250,0.10,16.250,0.16
16.300,0.00,16.300,0.04,16.300,0.03,16.300,0.09,16.300,0.16
16.350,0.01,16.350,0.05,16.350,0.03,16.350,0.10,16.350,0.16
16.400,0.01,16.400,0.06,16.400,0.03,16.400,0.10,16.400,0.16
16.450,0.03,16.450,0.06,16.450,0.04,16.450,0.08,16.450,0.16
16.500,0.01,16.500,0.04,16.500,0.03,16.500,0.10,16.500,0.16
16.550,0.01,16.550,0.05,16.550,0.03,16.550,0.10,16.550,0.15
16.600,0.00,16.600,0.05,16.600,0.03,16.600,0.09,16.600,0.14
16.650,0.02,16.650,0.03,16.650,0.03,16.650,0.10,16.650,0.15
16.700,0.02,16.700,0.04,16.700,0.02,16.700,0.09,16.700,0.15
16.750,0.02,16.750,0.03,16.750,0.02,16.750,0.10,16.750,0.15
16.800,0.02,16.800,0.05,16.800,0.03,16.800,0.09,16.800,0.16
16.850,0.02,16.850,0.05,16.850,0.02,16.850,0.09,16.850,0.15
16.900,0.02,16.900,0.04,16.900,0.02,16.900,0.11,16.900,0.16
16.950,0.01,16.950,0.06,16.950,0.03,16.950,0.10,16.950,0.15
17.000,0.01,17.000,0.05,17.000,0.03,17.000,0.09,17.000,0.15
17.050,0.01,17.050,0.04,17.050,0.04,17.050,0.10,17.050,0.15
17.100,0.00,17.100,0.05,17.100,0.04,17.100,0.10,17.100,0.16
17.150,0.01,17.150,0.05,17.150,0.03,17.150,0.10,17.150,0.15
17.200,0.02,17.200,0.05,17.200,0.03,17.200,0.09,17.200,0.15
17.250,0.01,17.250,0.05,17.250,0.02,17.250,0.09,17.250,0.16
17.300,0.01,17.300,0.05,17.300,0.02,17.300,0.09,17.300,0.16
17.350,0.00,17.350,0.04,17.350,0.05,17.350,0.10,17.350,0.16
17.400,0.00,17.400,0.04,17.400,0.04,17.400,0.09,17.400,0.15
17.450,0.01,17.450,0.04,17.450,0.05,17.450,0.10,17.450,0.15
17.500,0.01,17.500,0.04,17.500,0.05,17.500,0.11,17.500,0.15
17.550,0.01,17.550,0.04,17.550,0.06,17.550,0.11,17.550,0.15
17.600,0.01,17.600,0.03,17.600,0.05,17.600,0.09,17.600,0.16
17.650,0.02,17.650,0.06,17.650,0.07,17.650,0.10,17.650,0.15
17.700,0.03,17.700,0.03,17.700,0.05,17.700,0.10,17.700,0.15
17.750,0.02,17.750,0.04,17.750,0.04,17.750,0.09,17.750,0.15
17.800,0.02,17.800,0.05,17.800,0.05,17.800,0.09,17.800,0.14
17.850,0.01,17.850,0.04,17.850,0.06,17.850,0.10,17.850,0.14
17.900,0.02,17.900,0.04,17.900,0.05,17.900,0.12,17.900,0.13
17.950,0.01,17.950,0.02,17.950,0.05,17.950,0.09,17.950,0.15
18.000,0.01,18.000,0.03,18.000,0.04,18.000,0.10,18.000,0.15
18.050,0.01,18.050,0.02,18.050,0.04,18.050,0.11,18.050,0.14
18.100,0.02,18.100,0.04,18.100,0.04,18.100,0.09,18.100,0.15
18.150,0.01,18.150,0.04,18.150,0.05,18.150,0.10,18.150,0.15
18.200,0.01,18.200,0.04,18.200,0.05,18.200,0.09,18.200,0.15
18.250,0.02,18.250,0.04,18.250,0.04,18.250,0.10,18.250,0.14
18.300,0.02,18.300,0.04,18.300,0.05,18.300,0.10,18.300,0.16
18.350,0.02,18.350,0.04,18.350,0.05,18.350,0.10,18.350,0.16
18.400,0.01,18.400,0.05,18.400,0.05,18.400,0.09,18.400,0.15
18.450,0.01,18.450,0.05,18.450,0.05,18.450,0.11,18.450,0.15
18.500,0.01,18.500,0.04,18.500,0.06,18.500,0.11,18.500,0.15
18.550,0.02,18.550,0.03,18.550,0.06,18.550,0.11,18.550,0.15
18.600,0.01,18.600,0.03,18.600,0.05,18.600,0.11,18.600,0.14
18.650,0.02,18.650,0.04,18.650,0.04,18.650,0.10,18.650,0.15
18.700,0.01,18.700,0.03,18.700,0.04,18.700,0.11,18.700,0.15
18.750,0.02,18.750,0.02,18.750,0.06,18.750,0.11,18.750,0.15
18.800,0.02,18.800,0.02,18.800,0.06,18.800,0.11,18.800,0.15
18.850,0.01,18.850,0.02,18.850,0.05,18.850,0.11,18.850,0.15
18.900,0.02,18.900,0.05,18.900,0.04,18.900,0.10,18.900,0.15
18.950,0.01,18.950,0.04,18.950,0.05,18.950,0.10,18.950,0.15
19.000,0.01,19.000,0.04,19.000,0.07,19.000,0.10,19.000,0.15
19.050,0.02,19.050,0.03,19.050,0.06,19.050,0.11,19.050,0.15
19.100,0.02,19.100,0.04,19.100,0.06,19.100,0.09,19.100,0.16
19.150,0.02,19.150,0.03,19.150,0.04,19.150,0.10,19.150,0.15
19.200,0.02,19.200,0.04,19.200,0.04,19.200,0.08,19.200,0.15
19.250,0.01,19.250,0.03,19.250,0.04,19.250,0.07,19.250,0.15
19.300,0.02,19.300,0.04,19.300,0.05,19.300,0.08,19.300,0.16
19.350,0.01,19.350,0.02,19.350,0.05,19.350,0.10,19.350,0.16
19.400,0.01,19.400,0.02,19.400,0.05,19.400,0.09,19.400,0.16
19.450,0.02,19.450,0.02,19.450,0.05,19.450,0.09,19.450,0.16
19.500,0.02,19.500,0.03,19.500,0.05,19.500,0.10,19.500,0.16
19.550,0.03,19.550,0.03,19.550,0.06,19.550,0.10,19.550,0.15
19.600,0.03,19.600,0.04,19.600,0.06,19.600,0.10,19.600,0.15
19.650,0.02,19.650,0.02,19.650,0.05,19.650,0.10,19.650,0.15
19.700,0.02,19.700,0.04,19.700,0.05,19.700,0.10,19.700,0.15
19.750,0.03,19.750,0.03,19.750,0.06,19.750,0.09,19.750,0.15
19.800,0.02,19.800,0.04,19.800,0.04,19.800,0.11,19.800,0.15
19.850,0.03,19.850,0.02,19.850,0.04,19.850,0.10,19.850,0.15
19.900,0.02,19.900,0.04,19.900,0.05,19.900,0.10,19.900,0.15
19.950,0.05,19.950,0.03,19.950,0.05,19.950,0.10,19.950,0.16
20.000,0.04,20.000,0.03,20.000,0.05,20.000,0.09,20.000,0.14
20.050,0.02,20.050,0.03,20.050,0.06,20.050,0.09,20.050,0.15
20.100,0.01,20.100,0.03,20.100,0.07,20.100,0.09,20.100,0.15
20.150,0.03,20.150,0.05,20.150,0.06,20.150,0.09,20.150,0.15
20.200,0.02,20.200,0.04,20.200,0.05,20.200,0.08,20.200,0.15
20.250,0.02,20.250,0.04,20.250,0.04,20.250,0.08,20.250,0.15
20.300,0.02,20.300,0.04,20.300,0.05,20.300,0.08,20.300,0.15
20.350,0.02,20.350,0.03,20.350,0.06,20.350,0.07,20.350,0.15
20.400,0.03,20.400,0.01,20.400,0.06,20.400,0.09,20.400,0.15
20.450,0.01,20.450,0.02,20.450,0.05,20.450,0.08,20.450,0.15
20.500,0.02,20.500,0.03,20.500,0.06,20.500,0.08,20.500,0.15
20.550,0.03,20.550,0.02,20.550,0.07,20.550,0.08,20.550,0.15
20.600,0.03,20.600,0.02,20.600,0.07,20.600,0.08,20.600,0.15
20.650,0.02,20.650,0.02,20.650,0.05,20.650,0.08,20.650,0.14
20.700,0.01,20.700,0.02,20.700,0.05,20.700,0.09,20.700,0.15
20.750,0.01,20.750,0.04,20.750,0.04,20.750,0.10,20.750,0.14
20.800,0.01,20.800,0.04,20.800,0.05,20.800,0.09,20.800,0.15
20.850,0.02,20.850,0.03,20.850,0.04,20.850,0.10,20.850,0.15
20.900,0.02,20.900,0.03,20.900,0.03,20.900,0.08,20.900,0.15
20.950,0.02,20.950,0.03,20.950,0.04,20.950,0.09,20.950,0.14
21.000,0.03,21.000,0.03,21.000,0.05,21.000,0.09,21.000,0.15
21.050,0.02,21.050,0.02,21.050,0.04,21.050,0.08,21.050,0.17
21.100,0.03,21.100,0.03,21.100,0.02,21.100,0.08,21.100,0.16
21.150,0.02,21.150,0.03,21.150,0.04,21.150,0.09,21.150,0.16
21.200,0.02,21.200,0.03,21.200,0.04,21.200,0.08,21.200,0.16
21.250,0.02,21.250,0.05,21.250,0.04,21.250,0.08,21.250,0.16
21.300,0.02,21.300,0.04,21.300,0.04,21.300,0.09,21.300,0.16
21.350,0.02,21.350,0.04,21.350,0.05,21.350,0.09,21.350,0.14
21.400,0.02,21.400,0.04,21.400,0.04,21.400,0.08,21.400,0.14
21.450,0.02,21.450,0.04,21.450,0.03,21.450,0.08,21.450,0.15
21.500,0.03,21.500,0.05,21.500,0.06,21.500,0.08,21.500,0.15
21.550,0.04,21.550,0.03,21.550,0.05,21.550,0.08,21.550,0.14
21.600,0.02,21.600,0.02,21.600,0.05,21.600,0.08,21.600,0.16
21.650,0.03,21.650,0.03,21.650,0.06,21.650,0.08,21.650,0.15
21.700,0.03,21.700,0.03,21.700,0.06,21.700,0.07,21.700,0.14
21.750,0.02,21.750,0.03,21.750,0.06,21.750,0.09,21.750,0.15
21.800,0.02,21.800,0.03,21.800,0.05,21.800,0.08,21.800,0.15
21.850,0.02,21.850,0.04,21.850,0.06,21.850,0.08,21.850,0.15
21.900,0.03,21.900,0.02,21.900,0.05,21.900,0.09,21.900,0.15
21.950,0.04,21.950,0.03,21.950,0.03,21.950,0.09,21.950,0.15
22.000,0.05,22.000,0.03,22.000,0.04,22.000,0.09,22.000,0.15
22.050,0.03,22.050,0.02,22.050,0.05,22.050,0.08,22.050,0.14
22.100,0.02,22.100,0.04,22.100,0.03,22.100,0.09,22.100,0.14
22.150,0.02,22.150,0.03,22.150,0.05,22.150,0.09,22.150,0.15
22.200,0.02,22.200,0.02,22.200,0.04,22.200,0.09,22.200,0.14
22.250,0.02,22.250,0.04,22.250,0.05,22.250,0.08,22.250,0.14
22.300,0.02,22.300,0.04,22.300,0.05,22.300,0.09,22.300,0.15
22.350,0.01,22.350,0.02,22.350,0.04,22.350,0.10,22.350,0.15
22.400,0.03,22.400,0.02,22.400,0.03,22.400,0.09,22.400,0.14
22.450,0.03,22.450,0.03,22.450,0.04,22.450,0.08,22.450,0.14
22.500,0.03,22.500,0.02,22.500,0.05,22.500,0.09,22.500,0.14
22.550,0.03,22.550,0.02,22.550,0.05,22.550,0.09,22.550,0.15
22.600,0.03,22.600,0.03,22.600,0.05,22.600,0.08,22.600,0.14
22.650,0.02,22.650,0.02,22.650,0.05,22.650,0.09,22.650,0.16
22.700,0.02,22.700,0.02,22.700,0.04,22.700,0.08,22.700,0.15
22.750,0.02,22.750,0.02,22.750,0.05,22.750,0.08,22.750,0.15
22.800,0.03,22.800,0.02,22.800,0.04,22.800,0.09,22.800,0.15
22.850,0.02,22.850,0.03,22.850,0.06,22.850,0.07,22.850,0.16
22.900,0.02,22.900,0.02,22.900,0.06,22.900,0.09,22.900,0.15
22.950,0.02,22.950,0.02,22.950,0.04,22.950,0.08,22.950,0.16
23.000,0.02,23.000,0.02,23.000,0.05,23.000,0.07,23.000,0.15
23.050,0.02,23.050,0.02,23.050,0.04,23.050,0.08,23.050,0.15
23.100,0.01,23.100,0.03,23.100,0.03,23.100,0.08,23.100,0.16
23.150,0.02,23.150,0.04,23.150,0.04,23.150,0.08,23.150,0.15
23.200,0.03,23.200,0.03,23.200,0.04,23.200,0.07,23.200,0.15
23.250,0.03,23.250,0.03,23.250,0.04,23.250,0.07,23.250,0.16
23.300,0.02,23.300,0.03,23.300,0.04,23.300,0.06,23.300,0.15
23.350,0.03,23.350,0.02,23.350,0.05,23.350,0.07,23.350,0.16
23.400,0.02,23.400,0.02,23.400,0.04,23.400,0.08,23.400,0.16
23.450,0.02,23.450,0.02,23.450,0.05,23.450,0.08,23.450,0.16
23.500,0.02,23.500,0.02,23.500,0.04,23.500,0.07,23.500,0.16
23.550,0.03,23.550,0.02,23.550,0.06,23.550,0.08,23.550,0.15
23.600,0.03,23.600,0.02,23.600,0.04,23.600,0.08,23.600,0.15
23.650,0.03,23.650,0.03,23.650,0.04,23.650,0.07,23.650,0.15
23.700,0.02,23.700,0.03,23.700,0.03,23.700,0.08,23.700,0.16
23.750,0.02,23.750,0.05,23.750,0.02,23.750,0.08,23.750,0.15
23.800,0.02,23.800,0.04,23.800,0.03,23.800,0.09,23.800,0.15
23.850,0.01,23.850,0.02,23.850,0.03,23.850,0.10,23.850,0.15
23.900,0.01,23.900,0.04,23.900,0.03,23.900,0.08,23.900,0.15
23.950,0.02,23.950,0.04,23.950,0.04,23.950,0.09,23.950,0.15
24.000,0.02,24.000,0.04,24.000,0.04,24.000,0.07,24.000,0.15
24.050,0.04,24.050,0.04,24.050,0.02,24.050,0.09,24.050,0.15
24.100,0.04,24.100,0.04,24.100,0.03,24.100,0.09,24.100,0.14
24.150,0.05,24.150,0.04,24.150,0.03,24.150,0.09,24.150,0.15
24.200,0.03,24.200,0.04,24.200,0.04,24.200,0.09,24.200,0.15
24.250,0.04,24.250,0.04,24.250,0.04,24.250,0.09,24.250,0.15
24.300,0.03,24.300,0.04,24.300,0.03,24.300,0.09,24.300,0.15
24.350,0.04,24.350,0.04,24.350,0.06,24.350,0.08,24.350,0.16
24.400,0.04,24.400,0.04,24.400,0.04,24.400,0.08,24.400,0.15
24.450,0.04,24.450,0.04,24.450,0.03,24.450,0.07,24.450,0.15
24.500,0.03,24.500,0.04,24.500,0.03,24.500,0.08,24.500,0.15
24.550,0.03,24.550,0.04,24.550,0.04,24.550,0.06,24.550,0.16
24.600,0.03,24.600,0.04,24.600,0.04,24.600,0.08,24.600,0.16
24.650,0.02,24.650,0.03,24.650,0.04,24.650,0.07,24.650,0.15
24.700,0.02,24.700,0.04,24.700,0.05,24.700,0.07,24.700,0.16
24.750,0.03,24.750,0.05,24.750,0.05,24.750,0.07,24.750,0.15
24.800,0.02,24.800,0.05,24.800,0.03,24.800,0.08,24.800,0.14
24.850,0.04,24.850,0.04,24.850,0.02,24.850,0.09,24.850,0.15
24.900,0.05,24.900,0.03,24.900,0.03,24.900,0.09,24.900,0.15
24.950,0.04,24.950,0.03,24.950,0.03,24.950,0.09,24.950,0.15
25.000,0.03,25.000,0.03,25.000,0.03,25.000,0.09,25.000,0.15
25.050,0.03,25.050,0.04,25.050,0.05,25.050,0.10,25.050,0.16
25.100,0.02,25.100,0.03,25.100,0.04,25.100,0.09,25.100,0.15
25.150,0.02,25.150,0.02,25.150,0.03,25.150,0.08,25.150,0.14
25.200,0.03,25.200,0.03,25.200,0.02,25.200,0.07,25.200,0.14
25.250,0.02,25.250,0.03,25.250,0.03,25.250,0.08,25.250,0.14
25.300,0.03,25.300,0.03,25.300,0.03,25.300,0.06,25.300,0.15
25.350,0.03,25.350,0.04,25.350,0.05,25.350,0.07,25.350,0.15
25.400,0.02,25.400,0.03,25.400,0.06,25.400,0.08,25.400,0.15
25.450,0.02,25.450,0.04,25.450,0.06,25.450,0.08,25.450,0.15
25.500,0.03,25.500,0.03,25.500,0.05,25.500,0.09,25.500,0.15
25.550,0.03,25.550,0.03,25.550,0.05,25.550,0.07,25.550,0.15
25.600,0.02,25.600,0.04,25.600,0.05,25.600,0.08,25.600,0.14
25.650,0.02,25.650,0.04,25.650,0.05,25.650,0.08,25.650,0.14
25.700,0.04,25.700,0.04,25.700,0.06,25.700,0.08,25.700,0.15
25.750,0.04,25.750,0.04,25.750,0.06,25.750,0.08,25.750,0.14
25.800,0.02,25.800,0.04,25.800,0.06,25.800,0.08,25.800,0.14
25.850,0.02,25.850,0.04,25.850,0.06,25.850,0.08,25.850,0.13
25.900,0.02,25.900,0.04,25.900,0.05,25.900,0.07,25.900,0.14
25.950,0.01,25.950,0.02,25.950,0.05,25.950,0.07,25.950,0.14
26.000,0.04,26.000,0.04,26.000,0.04,26.000,0.09,26.000,0.15
26.050,0.02,26.050,0.03,26.050,0.04,26.050,0.08,26.050,0.15
26.100,0.03,26.100,0.02,26.100,0.05,26.100,0.07,26.100,0.15
26.150,0.03,26.150,0.02,26.150,0.05,26.150,0.08,26.150,0.15
26.200,0.03,26.200,0.02,26.200,0.06,26.200,0.07,26.200,0.14
26.250,0.04,26.250,0.03,26.250,0.05,26.250,0.07,26.250,0.15
26.300,0.04,26.300,0.02,26.300,0.05,26.300,0.08,26.300,0.14
26.350,0.04,26.350,0.01,26.350,0.06,26.350,0.07,26.350,0.14
26.400,0.04,26.400,0.02,26.400,0.05,26.400,0.08,26.400,0.16
26.450,0.03,26.450,0.02,26.450,0.05,26.450,0.08,26.450,0.16
26.500,0.03,26.500,0.04,26.500,0.05,26.500,0.09,26.500,0.15
26.550,0.03,26.550,0.02,26.550,0.06,26.550,0.09,26.550,0.15
26.600,0.03,26.600,0.03,26.600,0.04,26.600,0.09,26.600,0.14
26.650,0.03,26.650,0.03,26.650,0.04,26.650,0.07,26.650,0.15
26.700,0.02,26.700,0.04,26.700,0.04,26.700,0.08,26.700,0.16
26.750,0.03,26.750,0.03,26.750,0.05,26.750,0.08,26.750,0.16
26.800,0.02,26.800,0.04,26.800,0.06,26.800,0.09,26.800,0.16
26.850,0.02,26.850,0.04,26.850,0.06,26.850,0.08,26.850,0.15
26.900,0.03,26.900,0.03,26.900,0.05,26.900,0.09,26.900,0.16
26.950,0.02,26.950,0.04,26.950,0.07,26.950,0.10,26.950,0.16
27.000,0.02,27.000,0.04,27.000,0.06,27.000,0.08,27.000,0.17
27.050,0.02,27.050,0.04,27.050,0.04,27.050,0.09,27.050,0.16
27.100,0.03,27.100,0.02,27.100,0.06,27.100,0.09,27.100,0.16
27.150,0.03,27.150,0.03,27.150,0.06,27.150,0.10,27.150,0.16
27.200,0.03,27.200,0.03,27.200,0.05,27.200,0.07,27.200,0.16
27.250,0.03,27.250,0.03,27.250,0.05,27.250,0.07,27.250,0.16
27.300,0.03,27.300,0.02,27.300,0.04,27.300,0.07,27.300,0.15
27.350,0.02,27.350,0.02,27.350,0.05,27.350,0.08,27.350,0.16
27.400,0.02,27.400,0.03,27.400,0.04,27.400,0.08,27.400,0.16
27.450,0.03,27.450,0.03,27.450,0.04,27.450,0.09,27.450,0.16
27.500,0.02,27.500,0.03,27.500,0.04,27.500,0.08,27.500,0.16
27.550,0.02,27.550,0.04,27.550,0.04,27.550,0.08,27.550,0.16
27.600,0.03,27.600,0.03,27.600,0.05,27.600,0.09,27.600,0.16
27.650,0.02,27.650,0.04,27.650,0.05,27.650,0.08,27.650,0.16
27.700,0.02,27.700,0.04,27.700,0.05,27.700,0.08,27.700,0.15
27.750,0.02,27.750,0.04,27.750,0.04,27.750,0.09,27.750,0.15
27.800,0.02,27.800,0.04,27.800,0.04,27.800,0.09,27.800,0.15
27.850,0.02,27.850,0.03,27.850,0.04,27.850,0.08,27.850,0.16
27.900,0.02,27.900,0.03,27.900,0.03,27.900,0.07,27.900,0.15
27.950,0.02,27.950,0.03,27.950,0.03,27.950,0.08,27.950,0.16
28.000,0.02,28.000,0.04,28.000,0.04,28.000,0.08,28.000,0.16
28.050,0.01,28.050,0.02,28.050,0.04,28.050,0.08,28.050,0.16
28.100,0.01,28.100,0.03,28.100,0.05,28.100,0.09,28.100,0.16
28.150,0.02,28.150,0.04,28.150,0.04,28.150,0.08,28.150,0.16
28.200,0.02,28.200,0.04,28.200,0.04,28.200,0.08,28.200,0.15
28.250,0.02,28.250,0.04,28.250,0.04,28.250,0.09,28.250,0.15
28.300,0.03,28.300,0.04,28.300,0.03,28.300,0.09,28.300,0.16
28.350,0.03,28.350,0.04,28.350,0.03,28.350,0.08,28.350,0.16
28.400,0.03,28.400,0.04,28.400,0.05,28.400,0.08,28.400,0.16
28.450,0.03,28.450,0.03,28.450,0.04,28.450,0.08,28.450,0.16
28.500,0.04,28.500,0.03,28.500,0.03,28.500,0.09,28.500,0.16
28.550,0.02,28.550,0.04,28.550,0.04,28.550,0.09,28.550,0.16
28.600,0.03,28.600,0.04,28.600,0.03,28.600,0.08,28.600,0.15
28.650,0.03,28.650,0.04,28.650,0.04,28.650,0.08,28.650,0.17
28.700,0.03,28.700,0.03,28.700,0.02,28.700,0.10,28.700,0.16
28.750,0.03,28.750,0.04,28.750,0.04,28.750,0.08,28.750,0.16
28.800,0.02,28.800,0.04,28.800,0.03,28.800,0.08,28.800,0.16
28.850,0.02,28.850,0.04,28.850,0.04,28.850,0.09,28.850,0.15
28.900,0.02,28.900,0.06,28.900,0.04,28.900,0.08,28.900,0.16
28.950,0.02,28.950,0.04,28.950,0.04,28.950,0.08,28.950,0.15
29.000,0.02,29.000,0.04,29.000,0.05,29.000,0.07,29.000,0.14
29.050,0.02,29.050,0.04,29.050,0.05,29.050,0.08,29.050,0.15
29.100,0.03,29.100,0.04,29.100,0.04,29.100,0.07,29.100,0.16
29.150,0.03,29.150,0.05,29.150,0.04,29.150,0.08,29.150,0.14
29.200,0.03,29.200,0.04,29.200,0.04,29.200,0.07,29.200,0.15
29.250,0.04,29.250,0.04,29.250,0.06,29.250,0.08,29.250,0.16
29.300,0.04,29.300,0.04,29.300,0.05,29.300,0.08,29.300,0.14
29.350,0.03,29.350,0.03,29.350,0.05,29.350,0.08,29.350,0.15
29.400,0.04,29.400,0.03,29.400,0.05,29.400,0.08,29.400,0.14
29.450,0.03,29.450,0.02,29.450,0.04,29.450,0.08,29.450,0.15
29.500,0.04,29.500,0.02,29.500,0.06,29.500,0.08,29.500,0.15
29.550,0.02,29.550,0.04,29.550,0.07,29.550,0.09,29.550,0.15
29.600,0.03,29.600,0.05,29.600,0.07,29.600,0.08,29.600,0.14
29.650,0.02,29.650,0.05,29.650,0.06,29.650,0.09,29.650,0.15
29.700,0.02,29.700,0.04,29.700,0.06,29.700,0.09,29.700,0.15
29.750,0.03,29.750,0.04,29.750,0.05,29.750,0.07,29.750,0.15
29.800,0.04,29.800,0.04,29.800,0.05,29.800,0.08,29.800,0.15
29.850,0.03,29.850,0.04,29.850,0.05,29.850,0.08,29.850,0.16
29.900,0.03,29.900,0.03,29.900,0.05,29.900,0.07,29.900,0.16
29.950,0.04,29.950,0.03,29.950,0.07,29.950,0.08,29.950,0.15
30.000,0.04,30.000,0.04,30.000,0.05,30.000,0.09,30.000,0.15
30.050,0.03,30.050,0.03,30.050,0.04,30.050,0.09,30.050,0.16
30.100,0.03,30.100,0.04,30.100,0.04,30.100,0.09,30.100,0.16
30.150,0.04,30.150,0.04,30.150,0.03,30.150,0.09,30.150,0.15
30.200,0.03,30.200,0.04,30.200,0.05,30.200,0.09,30.200,0.16
30.250,0.04,30.250,0.05,30.250,0.05,30.250,0.06,30.250,0.16
30.300,0.04,30.300,0.04,30.300,0.06,30.300,0.09,30.300,0.16
30.350,0.04,30.350,0.04,30.350,0.05,30.350,0.09,30.350,0.16
30.400,0.04,30.400,0.04,30.400,0.06,30.400,0.09,30.400,0.16
30.450,0.03,30.450,0.03,30.450,0.05,30.450,0.09,30.450,0.16
30.500,0.03,30.500,0.03,30.500,0.05,30.500,0.09,30.500,0.16
30.550,0.02,30.550,0.03,30.550,0.08,30.550,0.09,30.550,0.16
30.600,0.03,30.600,0.03,30.600,0.07,30.600,0.09,30.600,0.17
30.650,0.03,30.650,0.03,30.650,0.06,30.650,0.07,30.650,0.16
30.700,0.02,30.700,0.05,30.700,0.06,30.700,0.09,30.700,0.16
30.750,0.03,30.750,0.04,30.750,0.07,30.750,0.08,30.750,0.15
30.800,0.02,30.800,0.04,30.800,0.08,30.800,0.07,30.800,0.15
30.850,0.02,30.850,0.03,30.850,0.08,30.850,0.08,30.850,0.16
30.900,0.02,30.900,0.04,30.900,0.08,30.900,0.09,30.900,0.15
30.950,0.02,30.950,0.04,30.950,0.07,30.950,0.08,30.950,0.15
31.000,0.02,31.000,0.03,31.000,0.08,31.000,0.08,31.000,0.16
31.050,0.01,31.050,0.04,31.050,0.07,31.050,0.09,31.050,0.16
31.100,0.01,31.100,0.03,31.100,0.06,31.100,0.09,31.100,0.16
31.150,0.03,31.150,0.05,31.150,0.06,31.150,0.09,31.150,0.16
31.200,0.01,31.200,0.06,31.200,0.06,31.200,0.09,31.200,0.16
31.250,0.01,31.250,0.04,31.250,0.05,31.250,0.09,31.250,0.15
31.300,0.02,31.300,0.04,31.300,0.06,31.300,0.08,31.300,0.17
31.350,0.03,31.350,0.03,31.350,0.07,31.350,0.08,31.350,0.16
31.400,0.02,31.400,0.04,31.400,0.06,31.400,0.08,31.400,0.15
31.450,0.02,31.450,0.04,31.450,0.06,31.450,0.08,31.450,0.15
31.500,0.03,31.500,0.03,31.500,0.06,31.500,0.09,31.500,0.15
31.550,0.02,31.550,0.02,31.550,0.07,31.550,0.10,31.550,0.15
31.600,0.02,31.600,0.04,31.600,0.06,31.600,0.09,31.600,0.16
31.650,0.02,31.650,0.03,31.650,0.05,31.650,0.10,31.650,0.16
31.700,0.03,31.700,0.04,31.700,0.06,31.700,0.10,31.700,0.15
31.750,0.02,31.750,0.03,31.750,0.04,31.750,0.09,31.750,0.16
31.800,0.02,31.800,0.04,31.800,0.04,31.800,0.10,31.800,0.15
31.850,0.02,31.850,0.03,31.850,0.05,31.850,0.08,31.850,0.15
31.900,0.02,31.900,0.05,31.900,0.06,31.900,0.09,31.900,0.15
31.950,0.01,31.950,0.03,31.950,0.06,31.950,0.09,31.950,0.15
32.000,0.02,32.000,0.03,32.000,0.05,32.000,0.10,32.000,0.15
32.050,0.03,32.050,0.02,32.050,0.04,32.050,0.10,32.050,0.15
32.100,0.03,32.100,0.03,32.100,0.06,32.100,0.09,32.100,0.16
32.150,0.03,32.150,0.03,32.150,0.06,32.150,0.09,32.150,0.15
32.200,0.03,32.200,0.03,32.200,0.05,32.200,0.09,32.200,0.16
32.250,0.02,32.250,0.04,32.250,0.07,32.250,0.10,32.250,0.15
32.300,0.03,32.300,0.04,32.300,0.06,32.300,0.10,32.300,0.15
32.350,0.03,32.350,0.04,32.350,0.06,32.350,0.10,32.350,0.16
32.400,0.03,32.400,0.04,32.400,0.07,32.400,0.10,32.400,0.16
32.450,0.02,32.450,0.04,32.450,0.06,32.450,0.10,32.450,0.16
32.500,0.01,32.500,0.05,32.500,0.07,32.500,0.09,32.500,0.15
32.550,0.02,32.550,0.04,32.550,0.06,32.550,0.09,32.550,0.15
32.600,0.02,32.600,0.05,32.600,0.05,32.600,0.10,32.600,0.16
32.650,0.01,32.650,0.05,32.650,0.06,32.650,0.10,32.650,0.16
32.700,0.02,32.700,0.04,32.700,0.05,32.700,0.11,32.700,0.14
32.750,0.01,32.750,0.05,32.750,0.06,32.750,0.10,32.750,0.15
32.800,0.01,32.800,0.05,32.800,0.04,32.800,0.11,32.800,0.16
32.850,0.01,32.850,0.03,32.850,0.05,32.850,0.09,32.850,0.15
32.900,0.01,32.900,0.03,32.900,0.04,32.900,0.10,32.900,0.15
32.950,0.01,32.950,0.04,32.950,0.05,32.950,0.08,32.950,0.15
33.000,0.02,33.000,0.04,33.000,0.07,33.000,0.09,33.000,0.16
33.050,0.03,33.050,0.04,33.050,0.06,33.050,0.09,33.050,0.15
33.100,0.01,33.100,0.05,33.100,0.07,33.100,0.09,33.100,0.16
33.150,0.02,33.150,0.04,33.150,0.04,33.150,0.10,33.150,0.16
33.200,0.01,33.200,0.03,33.200,0.07,33.200,0.10,33.200,0.15
33.250,0.02,33.250,0.04,33.250,0.07,33.250,0.10,33.250,0.15
33.300,0.02,33.300,0.04,33.300,0.07,33.300,0.09,33.300,0.15
33.350,0.02,33.350,0.05,33.350,0.07,33.350,0.10,33.350,0.15
33.400,0.02,33.400,0.03,33.400,0.05,33.400,0.09,33.400,0.15
33.450,0.02,33.450,0.03,33.450,0.06,33.450,0.10,33.450,0.15
33.500,0.02,33.500,0.02,33.500,0.08,33.500,0.09,33.500,0.14
33.550,0.02,33.550,0.02,33.550,0.06,33.550,0.10,33.550,0.15
33.600,0.02,33.600,0.04,33.600,0.06,33.600,0.09,33.600,0.15
33.650,0.02,33.650,0.02,33.650,0.06,33.650,0.11,33.650,0.15
33.700,0.02,33.700,0.03,33.700,0.05,33.700,0.11,33.700,0.15
33.750,0.02,33.750,0.03,33.750,0.06,33.750,0.10,33.750,0.16
33.800,0.02,33.800,0.03,33.800,0.08,33.800,0.11,33.800,0.15
33.850,0.02,33.850,0.03,33.850,0.07,33.850,0.11,33.850,0.15
33.900,0.02,33.900,0.04,33.900,0.07,33.900,0.10,33.900,0.16
33.950,0.02,33.950,0.03,33.950,0.08,33.950,0.10,33.950,0.16
34.000,0.02,34.000,0.04,34.000,0.05,34.000,0.11,34.000,0.15
34.050,0.00,34.050,0.05,34.050,0.06,34.050,0.09,34.050,0.16
34.100,0.02,34.100,0.06,34.100,0.05,34.100,0.08,34.100,0.16
34.150,0.02,34.150,0.05,34.150,0.04,34.150,0.08,34.150,0.14
34.200,0.02,34.200,0.04,34.200,0.04,34.200,0.10,34.200,0.16
34.250,0.01,34.250,0.06,34.250,0.05,34.250,0.09,34.250,0.16
34.300,0.02,34.300,0.04,34.300,0.05,34.300,0.10,34.300,0.16
34.350,0.02,34.350,0.04,34.350,0.06,34.350,0.09,34.350,0.15
34.400,0.02,34.400,0.04,34.400,0.04,34.400,0.09,34.400,0.16
34.450,0.01,34.450,0.04,34.450,0.04,34.450,0.08,34.450,0.15
34.500,0.01,34.500,0.04,34.500,0.06,34.500,0.08,34.500,0.15
34.550,0.02,34.550,0.05,34.550,0.06,34.550,0.09,34.550,0.16
34.600,0.02,34.600,0.04,34.600,0.05,34.600,0.10,34.600,0.16
34.650,0.03,34.650,0.05,34.650,0.06,34.650,0.09,34.650,0.15
34.700,0.02,34.700,0.05,34.700,0.07,34.700,0.10,34.700,0.16
34.750,0.03,34.750,0.04,34.750,0.05,34.750,0.10,34.750,0.15
34.800,0.03,34.800,0.04,34.800,0.05,34.800,0.10,34.800,0.15
34.850,0.02,34.850,0.06,34.850,0.06,34.850,0.11,34.850,0.15
34.900,0.02,34.900,0.06,34.900,0.06,34.900,0.10,34.900,0.15
34.950,0.02,34.950,0.05,34.950,0.05,34.950,0.09,34.950,0.15
35.000,0.03,35.000,0.04,35.000,0.05,35.000,0.08,35.000,0.15
35.050,0.02,35.050,0.04,35.050,0.05,35.050,0.10,35.050,0.15
35.100,0.02,35.100,0.05,35.100,0.05,35.100,0.10,35.100,0.15
35.150,0.03,35.150,0.05,35.150,0.06,35.150,0.11,35.150,0.15
35.200,0.03,35.200,0.05,35.200,0.06,35.200,0.09,35.200,0.16
35.250,0.03,35.250,0.06,35.250,0.06,35.250,0.10,35.250,0.15
35.300,0.02,35.300,0.03,35.300,0.06,35.300,0.11,35.300,0.16
35.350,0.03,35.350,0.03,35.350,0.05,35.350,0.10,35.350,0.15
35.400,0.02,35.400,0.03,35.400,0.05,35.400,0.10,35.400,0.15
35.450,0.03,35.450,0.03,35.450,0.06,35.450,0.10,35.450,0.16
35.500,0.03,35.500,0.03,35.500,0.07,35.500,0.09,35.500,0.15
35.550,0.03,35.550,0.02,35.550,0.06,35.550,0.10,35.550,0.15
35.600,0.02,35.600,0.02,35.600,0.06,35.600,0.08,35.600,0.15
35.650,0.04,35.650,0.02,35.650,0.06,35.650,0.09,35.650,0.14
35.700,0.03,35.700,0.03,35.700,0.05,35.700,0.09,35.700,0.15
35.750,0.02,35.750,0.02,35.750,0.06,35.750,0.09,35.750,0.15
35.800,0.02,35.800,0.02,35.800,0.07,35.800,0.09,35.800,0.15
35.850,0.04,35.850,0.02,35.850,0.07,35.850,0.09,35.850,0.15
35.900,0.03,35.900,0.03,35.900,0.07,35.900,0.09,35.900,0.15
35.950,0.03,35.950,0.04,35.950,0.06,35.950,0.09,35.950,0.16
36.000,0.03,36.000,0.04,36.000,0.05,36.000,0.09,36.000,0.16
36.050,0.03,36.050,0.04,36.050,0.04,36.050,0.09,36.050,0.15
36.100,0.05,36.100,0.03,36.100,0.05,36.100,0.09,36.100,0.15
36.150,0.04,36.150,0.04,36.150,0.04,36.150,0.09,36.150,0.15
36.200,0.04,36.200,0.03,36.200,0.04,36.200,0.09,36.200,0.15
36.250,0.02,36.250,0.03,36.250,0.04,36.250,0.08,36.250,0.15
36.300,0.04,36.300,0.02,36.300,0.04,36.300,0.08,36.300,0.15
36.350,0.03,36.350,0.04,36.350,0.04,36.350,0.08,36.350,0.15
36.400,0.03,36.400,0.05,36.400,0.04,36.400,0.08,36.400,0.15
36.450,0.03,36.450,0.03,36.450,0.04,36.450,0.08,36.450,0.14
36.500,0.03,36.500,0.04,36.500,0.05,36.500,0.10,36.500,0.14
36.550,0.02,36.550,0.04,36.550,0.04,36.550,0.11,36.550,0.15
36.600,0.02,36.600,0.04,36.600,0.04,36.600,0.09,36.600,0.15
36.650,0.02,36.650,0.02,36.650,0.04,36.650,0.08,36.650,0.14
36.700,0.02,36.700,0.02,36.700,0.04,36.700,0.09,36.700,0.14
36.750,0.02,36.750,0.03,36.750,0.03,36.750,0.11,36.750,0.15
36.800,0.02,36.800,0.02,36.800,0.02,36.800,0.10,36.800,0.15
36.850,0.02,36.850,0.03,36.850,0.04,36.850,0.10,36.850,0.15
36.900,0.02,36.900,0.03,36.900,0.04,36.900,0.10,36.900,0.16
36.950,0.02,36.950,0.03,36.950,0.04,36.950,0.10,36.950,0.15
37.000,0.03,37.000,0.04,37.000,0.05,37.000,0.10,37.000,0.15
37.050,0.02,37.050,0.05,37.050,0.06,37.050,0.10,37.050,0.14
37.100,0.02,37.100,0.03,37.100,0.05,37.100,0.10,37.100,0.14
37.150,0.01,37.150,0.03,37.150,0.05,37.150,0.10,37.150,0.14
37.200,0.02,37.200,0.02,37.200,0.04,37.200,0.09,37.200,0.15
37.250,0.03,37.250,0.03,37.250,0.05,37.250,0.11,37.250,0.14
37.300,0.01,37.300,0.03,37.300,0.04,37.300,0.10,37.300,0.14
37.350,0.03,37.350,0.03,37.350,0.03,37.350,0.10,37.350,0.15
37.400,0.03,37.400,0.04,37.400,0.04,37.400,0.10,37.400,0.16
37.450,0.04,37.450,0.04,37.450,0.05,37.450,0.09,37.450,0.16
37.500,0.02,37.500,0.03,37.500,0.05,37.500,0.10,37.500,0.16
37.550,0.02,37.550,0.05,37.550,0.05,37.550,0.09,37.550,0.16
37.600,0.04,37.600,0.05,37.600,0.05,37.600,0.10,37.600,0.16
37.650,0.02,37.650,0.04,37.650,0.05,37.650,0.10,37.650,0.16
37.700,0.03,37.700,0.04,37.700,0.05,37.700,0.09,37.700,0.15
37.750,0.01,37.750,0.04,37.750,0.04,37.750,0.08,37.750,0.16
37.800,0.02,37.800,0.04,37.800,0.05,37.800,0.09,37.800,0.15
37.850,0.02,37.850,0.03,37.850,0.07,37.850,0.09,37.850,0.15
37.900,0.03,37.900,0.03,37.900,0.06,37.900,0.11,37.900,0.15
37.950,0.03,37.950,0.03,37.950,0.07,37.950,0.09,37.950,0.15
38.000,0.02,38.000,0.04,38.000,0.06,38.000,0.10,38.000,0.15
38.050,0.01,38.050,0.04,38.050,0.05,38.050,0.09,38.050,0.14
38.100,0.01,38.100,0.03,38.100,0.05,38.100,0.10,38.100,0.15
38.150,0.01,38.150,0.03,38.150,0.05,38.150,0.10,38.150,0.16
38.200,0.01,38.200,0.04,38.200,0.06,38.200,0.10,38.200,0.16
38.250,0.02,38.250,0.02,38.250,0.06,38.250,0.10,38.250,0.16
38.300,0.02,38.300,0.04,38.300,0.06,38.300,0.08,38.300,0.16
38.350,0.02,38.350,0.04,38.350,0.06,38.350,0.09,38.350,0.16
38.400,0.02,38.400,0.03,38.400,0.05,38.400,0.09,38.400,0.16
38.450,0.02,38.450,0.04,38.450,0.05,38.450,0.10,38.450,0.16
38.500,0.01,38.500,0.02,38.500,0.06,38.500,0.11,38.500,0.15
38.550,0.02,38.550,0.03,38.550,0.04,38.550,0.10,38.550,0.16
38.600,0.02,38.600,0.03,38.600,0.03,38.600,0.10,38.600,0.15
38.650,0.02,38.650,0.03,38.650,0.04,38.650,0.09,38.650,0.16
38.700,0.01,38.700,0.03,38.700,0.06,38.700,0.09,38.700,0.15
38.750,0.01,38.750,0.03,38.750,0.06,38.750,0.08,38.750,0.16
38.800,0.01,38.800,0.04,38.800,0.05,38.800,0.10,38.800,0.16
38.850,0.02,38.850,0.04,38.850,0.06,38.850,0.10,38.850,0.16
38.900,0.02,38.900,0.04,38.900,0.04,38.900,0.09,38.900,0.15
38.950,0.03,38.950,0.03,38.950,0.04,38.950,0.10,38.950,0.15
39.000,0.02,39.000,0.03,39.000,0.05,39.000,0.10,39.000,0.15
39.050,0.01,39.050,0.02,39.050,0.06,39.050,0.09,39.050,0.15
39.100,0.02,39.100,0.03,39.100,0.06,39.100,0.10,39.100,0.16
39.150,0.02,39.150,0.04,39.150,0.05,39.150,0.10,39.150,0.16
39.200,0.02,39.200,0.02,39.200,0.07,39.200,0.10,39.200,0.15
39.250,0.01,39.250,0.03,39.250,0.07,39.250,0.09,39.250,0.15
39.300,0.02,39.300,0.03,39.300,0.07,39.300,0.10,39.300,0.15
39.350,0.01,39.350,0.02,39.350,0.07,39.350,0.09,39.350,0.16
39.400,0.01,39.400,0.02,39.400,0.07,39.400,0.10,39.400,0.15
39.450,0.02,39.450,0.02,39.450,0.07,39.450,0.09,39.450,0.15
39.500,0.01,39.500,0.02,39.500,0.07,39.500,0.09,39.500,0.15
39.550,0.02,39.550,0.02,39.550,0.07,39.550,0.09,39.550,0.15
39.600,0.02,39.600,0.02,39.600,0.06,39.600,0.08,39.600,0.15
39.650,0.01,39.650,0.02,39.650,0.07,39.650,0.08,39.650,0.15
39.700,0.01,39.700,0.02,39.700,0.06,39.700,0.09,39.700,0.14
39.750,0.02,39.750,0.03,39.750,0.06,39.750,0.09,39.750,0.14
39.800,0.02,39.800,0.02,39.800,0.05,39.800,0.09,39.800,0.15
39.850,0.03,39.850,0.03,39.850,0.05,39.850,0.09,39.850,0.15
39.900,0.02,39.900,0.03,39.900,0.06,39.900,0.08,39.900,0.15
39.950,0.02,39.950,0.03,39.950,0.08,39.950,0.08,39.950,0.16
40.000,0.02,40.000,0.02,40.000,0.06,40.000,0.10,40.000,0.16
40.050,0.03,40.050,0.02,40.050,0.07,40.050,0.09,40.050,0.15
40.100,0.04,40.100,0.04,40.100,0.06,40.100,0.09,40.100,0.15
40.150,0.03,40.150,0.03,40.150,0.05,40.150,0.09,40.150,0.15
40.200,0.03,40.200,0.04,40.200,0.06,40.200,0.09,40.200,0.15
40.250,0.03,40.250,0.05,40.250,0.07,40.250,0.08,40.250,0.15
40.300,0.03,40.300,0.05,40.300,0.08,40.300,0.07,40.300,0.15
40.350,0.02,40.350,0.04,40.350,0.06,40.350,0.08,40.350,0.15
40.400,0.02,40.400,0.05,40.400,0.06,40.400,0.09,40.400,0.15
40.450,0.01,40.450,0.03,40.450,0.06,40.450,0.09,40.450,0.15
40.500,0.01,40.500,0.02,40.500,0.05,40.500,0.08,40.500,0.16
40.550,0.02,40.550,0.02,40.550,0.07,40.550,0.09,40.550,0.16
40.600,0.02,40.600,0.03,40.600,0.06,40.600,0.09,40.600,0.16
40.650,0.01,40.650,0.03,40.650,0.06,40.650,0.09,40.650,0.16
40.700,0.02,40.700,0.04,40.700,0.06,40.700,0.09,40.700,0.16
40.750,0.02,40.750,0.04,40.750,0.06,40.750,0.09,40.750,0.16
40.800,0.03,40.800,0.04,40.800,0.06,40.800,0.09,40.800,0.17
40.850,0.02,40.850,0.02,40.850,0.06,40.850,0.11,40.850,0.16
40.900,0.02,40.900,0.03,40.900,0.06,40.900,0.11,40.900,0.16
40.950,0.02,40.950,0.02,40.950,0.06,40.950,0.09,40.950,0.17
41.000,0.03,41.000,0.03,41.000,0.05,41.000,0.10,41.000,0.16
41.050,0.03,41.050,0.03,41.050,0.05,41.050,0.11,41.050,0.17
41.100,0.03,41.100,0.03,41.100,0.05,41.100,0.11,41.100,0.16
41.150,0.04,41.150,0.02,41.150,0.07,41.150,0.11,41.150,0.16
41.200,0.02,41.200,0.02,41.200,0.05,41.200,0.11,41.200,0.16
41.250,0.02,41.250,0.02,41.250,0.05,41.250,0.10,41.250,0.16
41.300,0.03,41.300,0.02,41.300,0.04,41.300,0.10,41.300,0.16
41.350,0.02,41.350,0.02,41.350,0.04,41.350,0.10,41.350,0.17
41.400,0.02,41.400,0.03,41.400,0.04,41.400,0.10,41.400,0.15
41.450,0.03,41.450,0.03,41.450,0.05,41.450,0.11,41.450,0.15
41.500,0.02,41.500,0.03,41.500,0.04,41.500,0.10,41.500,0.15
41.550,0.03,41.550,0.02,41.550,0.05,41.550,0.11,41.550,0.15
41.600,0.03,41.600,0.01,41.600,0.04,41.600,0.09,41.600,0.15
41.650,0.02,41.650,0.02,41.650,0.04,41.650,0.09,41.650,0.16
41.700,0.04,41.700,0.02,41.700,0.04,41.700,0.09,41.700,0.14
41.750,0.04,41.750,0.02,41.750,0.04,41.750,0.10,41.750,0.15
41.800,0.03,41.800,0.03,41.800,0.04,41.800,0.10,41.800,0.15
41.850,0.02,41.850,0.03,41.850,0.06,41.850,0.10,41.850,0.15
41.900,0.03,41.900,0.01,41.900,0.05,41.900,0.09,41.900,0.14
41.950,0.04,41.950,0.02,41.950,0.07,41.950,0.10,41.950,0.15
42.000,0.03,42.000,0.01,42.000,0.05,42.000,0.11,42.000,0.15
42.050,0.02,42.050,0.03,42.050,0.08,42.050,0.11,42.050,0.14
42.100,0.03,42.100,0.03,42.100,0.08,42.100,0.10,42.100,0.15
42.150,0.02,42.150,0.03,42.150,0.07,42.150,0.10,42.150,0.15
42.200,0.02,42.200,0.03,42.200,0.06,42.200,0.10,42.200,0.16
42.250,0.03,42.250,0.03,42.250,0.07,42.250,0.11,42.250,0.16
42.300,0.03,42.300,0.03,42.300,0.07,42.300,0.11,42.300,0.15
42.350,0.02,42.350,0.03,42.350,0.07,42.350,0.10,42.350,0.15
42.400,0.03,42.400,0.04,42.400,0.06,42.400,0.10,42.400,0.14
42.450,0.03,42.450,0.04,42.450,0.06,42.450,0.10,42.450,0.15
42.500,0.02,42.500,0.04,42.500,0.06,42.500,0.09,42.500,0.16
42.550,0.02,42.550,0.04,42.550,0.06,42.550,0.08,42.550,0.15
42.600,0.03,42.600,0.04,42.600,0.07,42.600,0.10,42.600,0.16
42.650,0.02,42.650,0.05,42.650,0.08,42.650,0.09,42.650,0.16
42.700,0.03,42.700,0.04,42.700,0.08,42.700,0.10,42.700,0.15
42.750,0.02,42.750,0.04,42.750,0.08,42.750,0.10,42.750,0.15
42.800,0.04,42.800,0.05,42.800,0.09,42.800,0.10,42.800,0.16
42.850,0.03,42.850,0.03,42.850,0.08,42.850,0.10,42.850,0.15
42.900,0.02,42.900,0.04,42.900,0.08,42.900,0.09,42.900,0.15
42.950,0.02,42.950,0.04,42.950,0.07,42.950,0.09,42.950,0.14
43.000,0.04,43.000,0.03,43.000,0.06,43.000,0.08,43.000,0.14
43.050,0.04,43.050,0.02,43.050,0.06,43.050,0.08,43.050,0.14
43.100,0.04,43.100,0.03,43.100,0.05,43.100,0.08,43.100,0.15
43.150,0.04,43.150,0.03,43.150,0.06,43.150,0.08,43.150,0.15
43.200,0.04,43.200,0.02,43.200,0.06,43.200,0.08,43.200,0.15
43.250,0.03,43.250,0.04,43.250,0.05,43.250,0.09,43.250,0.16
43.300,0.04,43.300,0.04,43.300,0.05,43.300,0.09,43.300,0.15
43.350,0.03,43.350,0.04,43.350,0.05,43.350,0.09,43.350,0.15
43.400,0.04,43.400,0.04,43.400,0.05,43.400,0.08,43.400,0.14
43.450,0.04,43.450,0.03,43.450,0.04,43.450,0.08,43.450,0.15
43.500,0.03,43.500,0.02,43.500,0.03,43.500,0.10,43.500,0.15
43.550,0.01,43.550,0.03,43.550,0.05,43.550,0.10,43.550,0.14
43.600,0.02,43.600,0.03,43.600,0.04,43.600,0.08,43.600,0.15
43.650,0.03,43.650,0.04,43.650,0.05,43.650,0.09,43.650,0.15
43.700,0.03,43.700,0.05,43.700,0.05,43.700,0.10,43.700,0.16
43.750,0.03,43.750,0.04,43.750,0.04,43.750,0.09,43.750,0.15
43.800,0.03,43.800,0.06,43.800,0.04,43.800,0.09,43.800,0.16
43.850,0.04,43.850,0.05,43.850,0.04,43.850,0.09,43.850,0.16
43.900,0.04,43.900,0.04,43.900,0.07,43.900,0.10,43.900,0.16
43.950,0.03,43.950,0.02,43.950,0.06,43.950,0.10,43.950,0.15
44.000,0.02,44.000,0.03,44.000,0.06,44.000,0.09,44.000,0.15
44.050,0.02,44.050,0.04,44.050,0.05,44.050,0.08,44.050,0.16
44.100,0.03,44.100,0.03,44.100,0.06,44.100,0.09,44.100,0.16
44.150,0.03,44.150,0.05,44.150,0.05,44.150,0.09,44.150,0.15
44.200,0.04,44.200,0.04,44.200,0.06,44.200,0.10,44.200,0.16
44.250,0.04,44.250,0.04,44.250,0.06,44.250,0.09,44.250,0.15
44.300,0.03,44.300,0.02,44.300,0.06,44.300,0.09,44.300,0.15
44.350,0.03,44.350,0.04,44.350,0.07,44.350,0.09,44.350,0.15
44.400,0.02,44.400,0.04,44.400,0.07,44.400,0.10,44.400,0.16
44.450,0.02,44.450,0.03,44.450,0.06,44.450,0.08,44.450,0.16
44.500,0.03,44.500,0.03,44.500,0.05,44.500,0.08,44.500,0.16
44.550,0.04,44.550,0.02,44.550,0.06,44.550,0.08,44.550,0.17
44.600,0.02,44.600,0.05,44.600,0.05,44.600,0.09,44.600,0.15
44.650,0.02,44.650,0.02,44.650,0.05,44.650,0.11,44.650,0.15
44.700,0.01,44.700,0.04,44.700,0.05,44.700,0.09,44.700,0.17
44.750,0.01,44.750,0.03,44.750,0.05,44.750,0.08,44.750,0.16
44.800,0.02,44.800,0.03,44.800,0.05,44.800,0.09,44.800,0.16
44.850,0.01,44.850,0.03,44.850,0.05,44.850,0.11,44.850,0.16
44.900,0.01,44.900,0.02,44.900,0.05,44.900,0.09,44.900,0.16
44.950,0.01,44.950,0.03,44.950,0.05,44.950,0.10,44.950,0.16
45.000,0.02,45.000,0.02,45.000,0.04,45.000,0.09,45.000,0.17
45.050,0.01,45.050,0.02,45.050,0.05,45.050,0.07,45.050,0.16
45.100,0.02,45.100,0.01,45.100,0.07,45.100,0.08,45.100,0.16
45.150,0.01,45.150,0.02,45.150,0.07,45.150,0.09,45.150,0.16
45.200,0.02,45.200,0.02,45.200,0.05,45.200,0.08,45.200,0.16
45.250,0.01,45.250,0.02,45.250,0.05,45.250,0.11,45.250,0.16
45.300,0.01,45.300,0.02,45.300,0.05,45.300,0.10,45.300,0.16
45.350,0.02,45.350,0.02,45.350,0.05,45.350,0.10,45.350,0.16
45.400,0.03,45.400,0.02,45.400,0.06,45.400,0.10,45.400,0.15
45.450,0.02,45.450,0.02,45.450,0.06,45.450,0.09,45.450,0.14
45.500,0.02,45.500,0.03,45.500,0.07,45.500,0.10,45.500,0.15
45.550,0.02,45.550,0.03,45.550,0.06,45.550,0.11,45.550,0.15
45.600,0.01,45.600,0.02,45.600,0.05,45.600,0.11,45.600,0.15
45.650,0.02,45.650,0.03,45.650,0.05,45.650,0.10,45.650,0.15
45.700,0.02,45.700,0.03,45.700,0.05,45.700,0.10,45.700,0.15
45.750,0.02,45.750,0.02,45.750,0.06,45.750,0.09,45.750,0.16
45.800,0.02,45.800,0.04,45.800,0.06,45.800,0.10,45.800,0.15
45.850,0.02,45.850,0.03,45.850,0.07,45.850,0.09,45.850,0.15
45.900,0.02,45.900,0.03,45.900,0.05,45.900,0.11,45.900,0.15
45.950,0.02,45.950,0.03,45.950,0.07,45.950,0.10,45.950,0.15
46.000,0.02,46.000,0.04,46.000,0.06,46.000,0.09,46.000,0.15
46.050,0.02,46.050,0.02,46.050,0.04,46.050,0.10,46.050,0.14
46.100,0.02,46.100,0.04,46.100,0.06,46.100,0.10,46.100,0.15
46.150,0.04,46.150,0.04,46.150,0.06,46.150,0.10,46.150,0.16
46.200,0.02,46.200,0.03,46.200,0.05,46.200,0.09,46.200,0.15
46.250,0.02,46.250,0.04,46.250,0.06,46.250,0.09,46.250,0.14
46.300,0.02,46.300,0.02,46.300,0.05,46.300,0.11,46.300,0.15
46.350,0.03,46.350,0.04,46.350,0.04,46.350,0.10,46.350,0.15
46.400,0.02,46.400,0.04,46.400,0.05,46.400,0.08,46.400,0.15
46.450,0.01,46.450,0.04,46.450,0.04,46.450,0.10,46.450,0.15
46.500,0.02,46.500,0.05,46.500,0.05,46.500,0.09,46.500,0.15
46.550,0.02,46.550,0.05,46.550,0.05,46.550,0.09,46.550,0.15
46.600,0.02,46.600,0.05,46.600,0.04,46.600,0.08,46.600,0.15
46.650,0.02,46.650,0.05,46.650,0.05,46.650,0.08,46.650,0.14
46.700,0.02,46.700,0.04,46.700,0.06,46.700,0.09,46.700,0.15
46.750,0.02,46.750,0.04,46.750,0.05,46.750,0.09,46.750,0.15
46.800,0.03,46.800,0.04,46.800,0.06,46.800,0.09,46.800,0.15
46.850,0.02,46.850,0.03,46.850,0.06,46.850,0.09,46.850,0.16
46.900,0.02,46.900,0.03,46.900,0.04,46.900,0.10,46.900,0.16
46.950,0.01,46.950,0.04,46.950,0.05,46.950,0.09,46.950,0.16
47.000,0.02,47.000,0.05,47.000,0.04,47.000,0.09,47.000,0.15
47.050,0.04,47.050,0.04,47.050,0.04,47.050,0.10,47.050,0.16
47.100,0.03,47.100,0.05,47.100,0.05,47.100,0.10,47.100,0.15
47.150,0.03,47.150,0.05,47.150,0.05,47.150,0.09,47.150,0.15
47.200,0.03,47.200,0.05,47.200,0.05,47.200,0.09,47.200,0.16
47.250,0.03,47.250,0.04,47.250,0.05,47.250,0.09,47.250,0.16
47.300,0.02,47.300,0.04,47.300,0.06,47.300,0.09,47.300,0.16
47.350,0.03,47.350,0.05,47.350,0.06,47.350,0.09,47.350,0.15
47.400,0.03,47.400,0.03,47.400,0.07,47.400,0.09,47.400,0.16
47.450,0.02,47.450,0.04,47.450,0.07,47.450,0.10,47.450,0.16
47.500,0.03,47.500,0.04,47.500,0.08,47.500,0.09,47.500,0.17
47.550,0.04,47.550,0.04,47.550,0.07,47.550,0.10,47.550,0.16
47.600,0.03,47.600,0.04,47.600,0.07,47.600,0.09,47.600,0.17
47.650,0.03,47.650,0.04,47.650,0.06,47.650,0.09,47.650,0.16
47.700,0.02,47.700,0.04,47.700,0.06,47.700,0.08,47.700,0.16
47.750,0.02,47.750,0.04,47.750,0.08,47.750,0.07,47.750,0.16
47.800,0.02,47.800,0.03,47.800,0.08,47.800,0.09,47.800,0.16
47.850,0.02,47.850,0.04,47.850,0.07,47.850,0.08,47.850,0.16
47.900,0.03,47.900,0.05,47.900,0.07,47.900,0.09,47.900,0.16
47.950,0.02,47.950,0.05,47.950,0.07,47.950,0.09,47.950,0.16
48.000,0.03,48.000,0.05,48.000,0.06,48.000,0.09,48.000,0.16
48.050,0.03,48.050,0.05,48.050,0.05,48.050,0.07,48.050,0.15
48.100,0.02,48.100,0.04,48.100,0.06,48.100,0.08,48.100,0.17
48.150,0.02,48.150,0.04,48.150,0.06,48.150,0.06,48.150,0.16
48.200,0.02,48.200,0.04,48.200,0.06,48.200,0.09,48.200,0.16
48.250,0.02,48.250,0.03,48.250,0.05,48.250,0.08,48.250,0.15
48.300,0.03,48.300,0.03,48.300,0.06,48.300,0.08,48.300,0.16
48.350,0.03,48.350,0.04,48.350,0.06,48.350,0.08,48.350,0.16
48.400,0.04,48.400,0.04,48.400,0.07,48.400,0.09,48.400,0.15
48.450,0.04,48.450,0.03,48.450,0.06,48.450,0.09,48.450,0.16
48.500,0.06,48.500,0.04,48.500,0.06,48.500,0.10,48.500,0.15
48.550,0.04,48.550,0.03,48.550,0.05,48.550,0.08,48.550,0.16
48.600,0.03,48.600,0.04,48.600,0.05,48.600,0.09,48.600,0.16
48.650,0.03,48.650,0.04,48.650,0.05,48.650,0.10,48.650,0.15
48.700,0.02,48.700,0.04,48.700,0.06,48.700,0.10,48.700,0.15
48.750,0.02,48.750,0.04,48.750,0.07,48.750,0.09,48.750,0.15
48.800,0.03,48.800,0.04,48.800,0.04,48.800,0.09,48.800,0.15
48.850,0.02,48.850,0.04,48.850,0.06,48.850,0.09,48.850,0.14
48.900,0.02,48.900,0.03,48.900,0.06,48.900,0.10,48.900,0.15
48.950,0.02,48.950,0.04,48.950,0.06,48.950,0.10,48.950,0.15
49.000,0.02,49.000,0.02,49.000,0.04,49.000,0.11,49.000,0.15
49.050,0.02,49.050,0.03,49.050,0.04,49.050,0.11,49.050,0.16
49.100,0.01,49.100,0.03,49.100,0.06,49.100,0.10,49.100,0.16
49.150,0.02,49.150,0.03,49.150,0.04,49.150,0.11,49.150,0.16
49.200,0.01,49.200,0.03,49.200,0.03,49.200,0.11,49.200,0.16
49.250,0.02,49.250,0.04,49.250,0.05,49.250,0.11,49.250,0.14
49.300,0.02,49.300,0.05,49.300,0.06,49.300,0.10,49.300,0.15
49.350,0.02,49.350,0.05,49.350,0.04,49.350,0.10,49.350,0.15
49.400,0.02,49.400,0.05,49.400,0.05,49.400,0.10,49.400,0.15
49.450,0.02,49.450,0.05,49.450,0.08,49.450,0.09,49.450,0.15
49.500,0.03,49.500,0.05,49.500,0.07,49.500,0.09,49.500,0.16
49.550,0.03,49.550,0.05,49.550,0.06,49.550,0.11,49.550,0.16
49.600,0.02,49.600,0.04,49.600,0.05,49.600,0.09,49.600,0.16
49.650,0.02,49.650,0.04,49.650,0.04,49.650,0.09,49.650,0.15
49.700,0.01,49.700,0.04,49.700,0.04,49.700,0.11,49.700,0.16
49.750,0.02,49.750,0.05,49.750,0.05,49.750,0.10,49.750,0.16
49.800,0.02,49.800,0.04,49.800,0.05,49.800,0.10,49.800,0.16
49.850,0.02,49.850,0.03,49.850,0.05,49.850,0.11,49.850,0.15
49.900,0.03,49.900,0.04,49.900,0.05,49.900,0.11,49.900,0.15
49.950,0.04,49.950,0.05,49.950,0.04,49.950,0.10,49.950,0.15
50.000,0.03,50.000,0.06,50.000,0.05,50.000,0.09,50.000,0.15
50.050,0.03,50.050,0.06,50.050,0.05,50.050,0.09,50.050,0.17
50.100,0.04,50.100,0.04,50.100,0.05,50.100,0.10,50.100,0.16
50.150,0.03,50.150,0.03,50.150,0.06,50.150,0.10,50.150,0.17
50.200,0.04,50.200,0.03,50.200,0.05,50.200,0.10,50.200,0.17
50.250,0.04,50.250,0.04,50.250,0.05,50.250,0.11,50.250,0.16
50.300,0.03,50.300,0.03,50.300,0.04,50.300,0.09,50.300,0.16
50.350,0.03,50.350,0.03,50.350,0.06,50.350,0.10,50.350,0.16
50.400,0.02,50.400,0.02,50.400,0.04,50.400,0.10,50.400,0.17
50.450,0.02,50.450,0.03,50.450,0.07,50.450,0.10,50.450,0.16
50.500,0.03,50.500,0.02,50.500,0.07,50.500,0.09,50.500,0.17
50.550,0.04,50.550,0.02,50.550,0.06,50.550,0.09,50.550,0.17
50.600,0.04,50.600,0.02,50.600,0.06,50.600,0.10,50.600,0.16
50.650,0.03,50.650,0.03,50.650,0.08,50.650,0.11,50.650,0.17
50.700,0.02,50.700,0.04,50.700,0.06,50.700,0.11,50.700,0.16
50.750,0.03,50.750,0.03,50.750,0.06,50.750,0.11,50.750,0.16
50.800,0.03,50.800,0.03,50.800,0.04,50.800,0.11,50.800,0.16
50.850,0.04,50.850,0.02,50.850,0.05,50.850,0.10,50.850,0.16
50.900,0.03,50.900,0.03,50.900,0.06,50.900,0.11,50.900,0.16
50.950,0.03,50.950,0.04,50.950,0.05,50.950,0.11,50.950,0.16
51.000,0.03,51.000,0.04,51.000,0.05,51.000,0.10,51.000,0.17
51.050,0.02,51.050,0.03,51.050,0.06,51.050,0.11,51.050,0.17
51.100,0.03,51.100,0.03,51.100,0.04,51.100,0.10,51.100,0.16
51.150,0.02,51.150,0.03,51.150,0.04,51.150,0.10,51.150,0.16
51.200,0.01,51.200,0.04,51.200,0.05,51.200,0.11,51.200,0.16
51.250,0.03,51.250,0.04,51.250,0.06,51.250,0.11,51.250,0.16
51.300,0.03,51.300,0.03,51.300,0.05,51.300,0.11,51.300,0.16
51.350,0.03,51.350,0.04,51.350,0.04,51.350,0.10,51.350,0.15
51.400,0.01,51.400,0.04,51.400,0.03,51.400,0.11,51.400,0.15
51.450,0.03,51.450,0.04,51.450,0.04,51.450,0.11,51.450,0.15
51.500,0.03,51.500,0.04,51.500,0.04,51.500,0.10,51.500,0.15
51.550,0.02,51.550,0.04,51.550,0.05,51.550,0.11,51.550,0.15
51.600,0.02,51.600,0.03,51.600,0.04,51.600,0.10,51.600,0.15
51.650,0.04,51.650,0.03,51.650,0.04,51.650,0.10,51.650,0.16
51.700,0.04,51.700,0.04,51.700,0.05,51.700,0.11,51.700,0.16
51.750,0.02,51.750,0.04,51.750,0.06,51.750,0.10,51.750,0.15
51.800,0.03,51.800,0.05,51.800,0.04,51.800,0.09,51.800,0.15
51.850,0.02,51.850,0.04,51.850,0.03,51.850,0.09,51.850,0.15
51.900,0.03,51.900,0.04,51.900,0.03,51.900,0.11,51.900,0.16
51.950,0.03,51.950,0.06,51.950,0.03,51.950,0.10,51.950,0.15
52.000,0.03,52.000,0.05,52.000,0.03,52.000,0.09,52.000,0.15
52.050,0.03,52.050,0.04,52.050,0.04,52.050,0.10,52.050,0.16
52.100,0.02,52.100,0.05,52.100,0.04,52.100,0.10,52.100,0.16
52.150,0.03,52.150,0.05,52.150,0.06,52.150,0.09,52.150,0.16
52.200,0.03,52.200,0.06,52.200,0.06,52.200,0.09,52.200,0.15
52.250,0.02,52.250,0.05,52.250,0.05,52.250,0.10,52.250,0.15
52.300,0.03,52.300,0.06,52.300,0.05,52.300,0.10,52.300,0.15
52.350,0.02,52.350,0.04,52.350,0.06,52.350,0.08,52.350,0.15
52.400,0.03,52.400,0.04,52.400,0.05,52.400,0.11,52.400,0.15
52.450,0.02,52.450,0.04,52.450,0.06,52.450,0.09,52.450,0.15
52.500,0.03,52.500,0.03,52.500,0.05,52.500,0.09,52.500,0.15
52.550,0.03,52.550,0.04,52.550,0.05,52.550,0.10,52.550,0.14
52.600,0.03,52.600,0.04,52.600,0.05,52.600,0.10,52.600,0.15
52.650,0.03,52.650,0.05,52.650,0.05,52.650,0.11,52.650,0.15
52.700,0.02,52.700,0.06,52.700,0.05,52.700,0.10,52.700,0.15
52.750,0.03,52.750,0.06,52.750,0.06,52.750,0.11,52.750,0.15
52.800,0.02,52.800,0.05,52.800,0.04,52.800,0.11,52.800,0.15
52.850,0.03,52.850,0.04,52.850,0.05,52.850,0.11,52.850,0.14
52.900,0.03,52.900,0.04,52.900,0.03,52.900,0.11,52.900,0.14
52.950,0.04,52.950,0.04,52.950,0.04,52.950,0.11,52.950,0.14
53.000,0.05,53.000,0.04,53.000,0.04,53.000,0.10,53.000,0.14
53.050,0.05,53.050,0.03,53.050,0.04,53.050,0.11,53.050,0.16
53.100,0.04,53.100,0.03,53.100,0.05,53.100,0.10,53.100,0.15
53.150,0.03,53.150,0.04,53.150,0.05,53.150,0.10,53.150,0.16
53.200,0.06,53.200,0.03,53.200,0.05,53.200,0.11,53.200,0.16
53.250,0.04,53.250,0.02,53.250,0.06,53.250,0.10,53.250,0.15
53.300,0.03,53.300,0.04,53.300,0.05,53.300,0.09,53.300,0.15
53.350,0.04,53.350,0.04,53.350,0.04,53.350,0.10,53.350,0.16
53.400,0.04,53.400,0.04,53.400,0.06,53.400,0.10,53.400,0.16
53.450,0.03,53.450,0.04,53.450,0.05,53.450,0.08,53.450,0.15
53.500,0.02,53.500,0.04,53.500,0.06,53.500,0.09,53.500,0.15
53.550,0.02,53.550,0.06,53.550,0.06,53.550,0.09,53.550,0.15
53.600,0.03,53.600,0.03,53.600,0.06,53.600,0.10,53.600,0.15
53.650,0.03,53.650,0.04,53.650,0.05,53.650,0.10,53.650,0.14
53.700,0.02,53.700,0.03,53.700,0.06,53.700,0.10,53.700,0.15
53.750,0.03,53.750,0.03,53.750,0.04,53.750,0.10,53.750,0.16
53.800,0.02,53.800,0.04,53.800,0.04,53.800,0.11,53.800,0.15
53.850,0.02,53.850,0.03,53.850,0.05,53.850,0.11,53.850,0.15
53.900,0.04,53.900,0.04,53.900,0.06,53.900,0.11,53.900,0.14
53.950,0.04,53.950,0.05,53.950,0.04,53.950,0.11,53.950,0.14
54.000,0.03,54.000,0.05,54.000,0.05,54.000,0.11,54.000,0.15
54.050,0.02,54.050,0.05,54.050,0.05,54.050,0.10,54.050,0.14
54.100,0.02,54.100,0.04,54.100,0.04,54.100,0.11,54.100,0.14
54.150,0.03,54.150,0.05,54.150,0.04,54.150,0.10,54.150,0.15
54.200,0.03,54.200,0.03,54.200,0.04,54.200,0.11,54.200,0.14
54.250,0.03,54.250,0.04,54.250,0.05,54.250,0.10,54.250,0.15
54.300,0.02,54.300,0.04,54.300,0.05,54.300,0.10,54.300,0.15
54.350,0.03,54.350,0.04,54.350,0.04,54.350,0.11,54.350,0.15
54.400,0.02,54.400,0.03,54.400,0.05,54.400,0.11,54.400,0.15
54.450,0.02,54.450,0.05,54.450,0.05,54.450,0.10,54.450,0.15
54.500,0.02,54.500,0.05,54.500,0.05,54.500,0.11,54.500,0.15
54.550,0.01,54.550,0.05,54.550,0.04,54.550,0.11,54.550,0.15
54.600,0.01,54.600,0.05,54.600,0.05,54.600,0.11,54.600,0.15
54.650,0.02,54.650,0.04,54.650,0.05,54.650,0.11,54.650,0.16
54.700,0.01,54.700,0.05,54.700,0.07,54.700,0.11,54.700,0.15
54.750,0.01,54.750,0.04,54.750,0.05,54.750,0.10,54.750,0.16
54.800,0.01,54.800,0.05,54.800,0.05,54.800,0.09,54.800,0.16
54.850,0.01,54.850,0.04,54.850,0.05,54.850,0.11,54.850,0.16
54.900,0.02,54.900,0.04,54.900,0.05,54.900,0.11,54.900,0.16
54.950,0.02,54.950,0.03,54.950,0.04,54.950,0.11,54.950,0.15
55.000,0.02,55.000,0.04,55.000,0.04,55.000,0.11,55.000,0.15
55.050,0.01,55.050,0.04,55.050,0.03,55.050,0.10,55.050,0.15
55.100,0.01,55.100,0.03,55.100,0.04,55.100,0.11,55.100,0.15
55.150,0.01,55.150,0.05,55.150,0.06,55.150,0.10,55.150,0.14
55.200,0.02,55.200,0.05,55.200,0.05,55.200,0.10,55.200,0.15
55.250,0.02,55.250,0.04,55.250,0.05,55.250,0.10,55.250,0.14
55.300,0.02,55.300,0.04,55.300,0.05,55.300,0.10,55.300,0.15
55.350,0.02,55.350,0.04,55.350,0.04,55.350,0.11,55.350,0.16
55.400,0.03,55.400,0.04,55.400,0.04,55.400,0.10,55.400,0.15
55.450,0.02,55.450,0.03,55.450,0.03,55.450,0.11,55.450,0.15
55.500,0.04,55.500,0.03,55.500,0.03,55.500,0.11,55.500,0.14
55.550,0.02,55.550,0.03,55.550,0.03,55.550,0.10,55.550,0.15
55.600,0.03,55.600,0.03,55.600,0.03,55.600,0.10,55.600,0.15
55.650,0.03,55.650,0.03,55.650,0.04,55.650,0.11,55.650,0.15
55.700,0.03,55.700,0.03,55.700,0.04,55.700,0.09,55.700,0.15
55.750,0.02,55.750,0.04,55.750,0.05,55.750,0.10,55.750,0.14
55.800,0.02,55.800,0.04,55.800,0.04,55.800,0.10,55.800,0.13
55.850,0.02,55.850,0.03,55.850,0.04,55.850,0.10,55.850,0.14
55.900,0.03,55.900,0.04,55.900,0.04,55.900,0.11,55.900,0.14
55.950,0.02,55.950,0.04,55.950,0.04,55.950,0.11,55.950,0.15
56.000,0.02,56.000,0.05,56.000,0.06,56.000,0.11,56.000,0.15
56.050,0.03,56.050,0.05,56.050,0.05,56.050,0.10,56.050,0.14
56.100,0.04,56.100,0.05,56.100,0.04,56.100,0.10,56.100,0.15
56.150,0.03,56.150,0.05,56.150,0.04,56.150,0.11,56.150,0.15
56.200,0.01,56.200,0.04,56.200,0.04,56.200,0.10,56.200,0.15
56.250,0.02,56.250,0.03,56.250,0.04,56.250,0.11,56.250,0.16
56.300,0.01,56.300,0.04,56.300,0.05,56.300,0.11,56.300,0.16
56.350,0.02,56.350,0.05,56.350,0.03,56.350,0.10,56.350,0.14
56.400,0.01,56.400,0.04,56.400,0.04,56.400,0.11,56.400,0.15
56.450,0.02,56.450,0.04,56.450,0.04,56.450,0.11,56.450,0.15
56.500,0.02,56.500,0.04,56.500,0.05,56.500,0.10,56.500,0.15
56.550,0.02,56.550,0.03,56.550,0.04,56.550,0.10,56.550,0.15
56.600,0.03,56.600,0.03,56.600,0.05,56.600,0.11,56.600,0.17
56.650,0.03,56.650,0.04,56.650,0.05,56.650,0.11,56.650,0.15
56.700,0.03,56.700,0.02,56.700,0.05,56.700,0.11,56.700,0.15
56.750,0.03,56.750,0.03,56.750,0.05,56.750,0.11,56.750,0.15
56.800,0.02,56.800,0.05,56.800,0.04,56.800,0.11,56.800,0.16
56.850,0.03,56.850,0.05,56.850,0.06,56.850,0.10,56.850,0.16
56.900,0.03,56.900,0.05,56.900,0.05,56.900,0.11,56.900,0.16
56.950,0.02,56.950,0.04,56.950,0.05,56.950,0.10,56.950,0.16
57.000,0.03,57.000,0.05,57.000,0.05,57.000,0.10,57.000,0.15
57.050,0.03,57.050,0.05,57.050,0.05,57.050,0.10,57.050,0.17
57.100,0.03,57.100,0.05,57.100,0.04,57.100,0.10,57.100,0.16
57.150,0.03,57.150,0.04,57.150,0.05,57.150,0.10,57.150,0.15
57.200,0.03,57.200,0.03,57.200,0.04,57.200,0.10,57.200,0.15
57.250,0.02,57.250,0.05,57.250,0.05,57.250,0.11,57.250,0.15
57.300,0.02,57.300,0.05,57.300,0.04,57.300,0.10,57.300,0.15
57.350,0.03,57.350,0.05,57.350,0.06,57.350,0.10,57.350,0.16
57.400,0.02,57.400,0.05,57.400,0.05,57.400,0.10,57.400,0.15
57.450,0.03,57.450,0.05,57.450,0.05,57.450,0.09,57.450,0.15
57.500,0.02,57.500,0.05,57.500,0.06,57.500,0.10,57.500,0.15
57.550,0.02,57.550,0.06,57.550,0.05,57.550,0.10,57.550,0.16
57.600,0.01,57.600,0.06,57.600,0.06,57.600,0.10,57.600,0.15
57.650,0.03,57.650,0.07,57.650,0.05,57.650,0.11,57.650,0.16
57.700,0.03,57.700,0.05,57.700,0.05,57.700,0.11,57.700,0.15
57.750,0.03,57.750,0.06,57.750,0.06,57.750,0.11,57.750,0.15
57.800,0.02,57.800,0.05,57.800,0.06,57.800,0.11,57.800,0.16
57.850,0.04,57.850,0.05,57.850,0.05,57.850,0.11,57.850,0.15
57.900,0.01,57.900,0.06,57.900,0.04,57.900,0.11,57.900,0.15
57.950,0.01,57.950,0.05,57.950,0.05,57.950,0.12,57.950,0.16
58.000,0.01,58.000,0.04,58.000,0.05,58.000,0.12,58.000,0.16
58.050,0.01,58.050,0.06,58.050,0.06,58.050,0.10,58.050,0.15
58.100,0.03,58.100,0.04,58.100,0.05,58.100,0.10,58.100,0.16
58.150,0.03,58.150,0.04,58.150,0.05,58.150,0.09,58.150,0.15
58.200,0.02,58.200,0.04,58.200,0.06,58.200,0.10,58.200,0.15
58.250,0.01,58.250,0.04,58.250,0.06,58.250,0.11,58.250,0.15
58.300,0.02,58.300,0.03,58.300,0.04,58.300,0.11,58.300,0.15
58.350,0.02,58.350,0.05,58.350,0.06,58.350,0.10,58.350,0.15
58.400,0.03,58.400,0.04,58.400,0.05,58.400,0.11,58.400,0.15
58.450,0.02,58.450,0.05,58.450,0.05,58.450,0.11,58.450,0.14
58.500,0.02,58.500,0.04,58.500,0.04,58.500,0.11,58.500,0.15
58.550,0.03,58.550,0.03,58.550,0.04,58.550,0.12,58.550,0.16
58.600,0.02,58.600,0.04,58.600,0.04,58.600,0.12,58.600,0.15
58.650,0.02,58.650,0.05,58.650,0.05,58.650,0.11,58.650,0.15
58.700,0.02,58.700,0.03,58.700,0.05,58.700,0.12,58.700,0.15
58.750,0.03,58.750,0.02,58.750,0.05,58.750,0.12,58.750,0.15
58.800,0.03,58.800,0.03,58.800,0.07,58.800,0.13,58.800,0.16
58.850,0.04,58.850,0.03,58.850,0.07,58.850,0.11,58.850,0.16
58.900,0.04,58.900,0.04,58.900,0.05,58.900,0.12,58.900,0.16
58.950,0.05,58.950,0.04,58.950,0.05,58.950,0.11,58.950,0.16
59.000,0.04,59.000,0.04,59.000,0.07,59.000,0.11,59.000,0.15
59.050,0.05,59.050,0.05,59.050,0.05,59.050,0.11,59.050,0.16
59.100,0.04,59.100,0.06,59.100,0.05,59.100,0.09,59.100,0.15
59.150,0.05,59.150,0.06,59.150,0.06,59.150,0.11,59.150,0.15
59.200,0.05,59.200,0.04,59.200,0.04,59.200,0.11,59.200,0.16
59.250,0.04,59.250,0.04,59.250,0.05,59.250,0.12,59.250,0.16
59.300,0.03,59.300,0.03,59.300,0.04,59.300,0.11,59.300,0.17
59.350,0.03,59.350,0.03,59.350,0.05,59.350,0.10,59.350,0.16
59.400,0.04,59.400,0.04,59.400,0.06,59.400,0.11,59.400,0.16
59.450,0.03,59.450,0.05,59.450,0.08,59.450,0.11,59.450,0.15
59.500,0.03,59.500,0.07,59.500,0.08,59.500,0.11,59.500,0.16
59.550,0.03,59.550,0.06,59.550,0.06,59.550,0.11,59.550,0.16
59.600,0.03,59.600,0.06,59.600,0.08,59.600,0.12,59.600,0.16
59.650,0.03,59.650,0.05,59.650,0.07,59.650,0.11,59.650,0.15
59.700,0.03,59.700,0.03,59.700,0.06,59.700,0.11,59.700,0.16
59.750,0.03,59.750,0.04,59.750,0.06,59.750,0.11,59.750,0.16
59.800,0.03,59.800,0.04,59.800,0.06,59.800,0.11,59.800,0.16
59.850,0.04,59.850,0.04,59.850,0.06,59.850,0.11,59.850,0.15
59.900,0.02,59.900,0.03,59.900,0.06,59.900,0.10,59.900,0.15
59.950,0.04,59.950,0.03,59.950,0.05,59.950,0.11,59.950,0.16
60.000,0.03,60.000,0.04,60.000,0.05,60.000,0.11,60.000,0.15
