"Time (s) Run #1","X Magnetic Field Strength (G) Run #1","Y Magnetic Field Strength (G) Run #1","Z Magnetic Field Strength (G) Run #1","|Resultant| Magnetic Field Strength (G) Run #1"
0.000,-0.0315,0.00750,-0.00450,0.0327
0.100,-0.0255,0.00900,-0.0105,0.0290
0.200,-0.0300,0.00300,-0.00600,0.0307
0.300,-0.0270,0.00900,-0.00600,0.0291
0.400,-0.0300,0.00750,-0.00750,0.0318
0.500,-0.0330,0.00450,-0.00300,0.0334
0.600,-0.0315,0.00450,-0.00600,0.0324
0.700,-0.0345,0.00450,-0.0150,0.0379
0.800,-0.0330,0.00900,-0.00900,0.0354
0.900,-0.0315,0.00300,-0.00600,0.0322
1.000,-0.0270,0.00,-0.0135,0.0302
1.100,-0.0315,0.00,-0.00900,0.0328
1.200,-0.0315,0.00450,-0.0165,0.0358
1.300,-0.0300,0.00750,-0.00900,0.0322
1.400,-0.0300,0.00750,-0.00750,0.0318
1.500,-0.0270,0.0120,-0.00750,0.0305
1.600,-0.0270,0.00450,-0.00450,0.0277
1.700,-0.0255,0.00150,-0.00450,0.0259
1.800,-0.0240,0.00600,0.00,0.0247
1.900,-0.0180,0.00900,-0.00450,0.0206
2.000,-0.0225,0.0105,-0.00300,0.0250
2.100,-0.0225,0.00450,-0.0105,0.0252
2.200,-0.0225,0.0105,-0.00600,0.0255
2.300,-0.0255,0.0105,-0.00750,0.0286
2.400,-0.0225,0.00450,-0.00300,0.0231
2.500,-0.0270,0.00450,0.00,0.0274
2.600,-0.0240,0.00900,-0.00300,0.0258
2.700,-0.0225,0.00150,-0.00300,0.0227
2.800,-0.0210,0.00750,-0.00600,0.0231
2.900,-0.0225,0.00150,-0.00450,0.0230
3.000,-0.0240,0.00750,-0.00450,0.0255
3.100,-0.0195,0.00150,-0.00600,0.0205
3.200,-0.0285,0.00300,-0.00300,0.0288
3.300,-0.0255,0.00300,-0.00450,0.0261
3.400,0.00150,0.00300,0.00150,0.00367
3.500,-0.00300,-0.00150,-0.00150,0.00367
3.600,0.00,0.00150,-0.00150,0.00212
3.700,-0.00750,0.00150,-0.00300,0.00822
3.800,-0.00300,0.00,-0.00300,0.00424
3.900,-0.00150,0.00300,-0.00750,0.00822
4.000,0.00150,0.00,-0.00150,0.00212
4.100,-0.00300,0.00450,-0.00600,0.00808
4.200,-0.00150,0.00300,-0.00750,0.00822
4.300,-0.00600,0.00300,-0.00300,0.00735
4.400,-0.00900,0.00300,-0.00600,0.0112
4.500,-0.00450,0.00900,0.00150,0.0102
4.600,-0.00150,0.00,-0.00300,0.00335
4.700,-0.00300,0.00450,-0.00450,0.00704
4.800,-0.00300,0.00300,-0.00150,0.00450
4.900,-0.00450,0.00,-0.00750,0.00875
5.000,-0.00300,-0.00150,0.00450,0.00561
5.100,-0.00450,0.00,-0.00300,0.00541
5.200,-0.00450,-0.00150,0.00600,0.00765
5.300,-0.00300,-0.00150,-0.00150,0.00367
5.400,-0.00450,0.00750,0.00450,0.00984
5.500,-0.00900,0.00450,0.00900,0.0135
5.600,-0.0120,0.00300,0.0210,0.0244
5.700,-0.00900,0.0210,0.0600,0.0642
5.800,-0.00300,0.107,0.141,0.177
5.900,0.0450,0.572,0.224,0.615
6.000,1.06,1.45,-0.338,1.83
6.100,1.60,0.803,-1.66,2.44
6.200,0.375,-0.203,-1.33,1.40
6.300,0.264,-0.596,-0.741,0.987
6.400,0.402,-0.867,-0.536,1.10
6.500,0.386,-0.891,-0.347,1.03
6.600,0.363,-0.906,-0.150,0.987
6.700,0.189,-0.702,-0.0240,0.727
6.800,0.0795,-0.450,0.0510,0.460
6.900,0.0630,-0.333,0.0735,0.347
7.000,0.0540,-0.270,0.0795,0.287
7.100,0.0390,-0.228,0.0690,0.241
7.200,0.0300,-0.198,0.0705,0.212
7.300,0.0360,-0.158,0.0810,0.181
7.400,0.0240,-0.102,0.0825,0.133
7.500,0.0210,-0.0645,0.0810,0.106
7.600,0.108,-0.0810,0.116,0.178
7.700,0.587,0.0975,0.0750,0.599
7.800,-0.0375,0.240,-0.00150,0.243
7.900,-0.0660,-0.00450,0.0495,0.0826
8.000,-0.0225,-0.0210,0.0315,0.0440
8.100,0.00150,-0.0120,0.0330,0.0351
8.200,0.00600,-0.00900,0.0390,0.0405
8.300,0.0105,-0.0120,0.0345,0.0380
8.400,0.00600,-0.00750,0.0285,0.0301
8.500,0.00,-0.0225,0.0255,0.0340
8.600,-0.0135,-0.0405,0.0210,0.0476
8.700,-0.0675,-0.0975,0.0375,0.124
8.800,-0.456,-0.365,0.204,0.618
8.900,-2.82,-0.827,1.38,3.25
9.000,-9.00,2.13,4.47,10.3
9.100,-15.3,11.3,9.54,21.3
9.200,-10.5,22.2,8.88,26.2
9.300,1.49,18.3,2.23,18.5
9.400,4.14,13.4,0.246,14.0
9.500,4.65,10.3,-0.203,11.3
9.600,4.28,9.21,-0.0990,10.2
9.700,3.07,9.45,0.299,9.94
9.800,-5.78,8.49,4.11,11.1
9.900,-1.53,-1.12,0.846,2.07
10.000,-0.299,-0.212,0.224,0.429
10.100,-0.243,-0.111,0.200,0.333
10.200,-0.227,-0.0930,0.203,0.318
10.300,-0.236,-0.0915,0.195,0.319
10.400,-0.239,-0.0945,0.192,0.320
10.500,-0.248,-0.0900,0.191,0.325
10.600,-0.243,-0.0915,0.192,0.323
10.700,-0.236,-0.105,0.192,0.321
10.800,-0.263,-0.240,0.192,0.404
10.900,-4.22,-2.46,1.04,4.99
11.000,-18.9,19.6,-0.600,27.2
11.100,-0.0135,26.3,-0.0990,26.3
11.200,7.17,11.2,-1.59,13.4
11.300,7.91,11.1,-2.15,13.8
11.400,7.91,5.63,-2.23,9.96
11.500,4.82,0.0900,-1.23,4.97
11.600,2.68,0.606,-0.765,2.86
11.700,1.08,0.201,-0.482,1.20
11.800,0.456,0.210,-0.332,0.602
11.900,-0.539,1.24,0.114,1.35
12.000,-2.18,0.395,0.606,2.30
12.100,-1.17,-0.404,0.117,1.24
12.200,-0.675,-0.296,0.0345,0.738
12.300,-0.552,-0.195,0.0390,0.587
12.400,-0.543,-0.116,0.0450,0.557
12.500,-0.531,-0.0765,0.0405,0.538
12.600,-0.543,-0.117,0.0435,0.557
12.700,-0.531,-0.158,0.0660,0.558
12.800,-0.495,-0.185,0.104,0.538
12.900,-0.435,-0.174,0.0990,0.479
13.000,-0.410,-0.182,0.116,0.463
13.100,-0.384,-0.194,0.159,0.458
13.200,-0.383,-0.194,0.185,0.467
13.300,-0.363,-0.189,0.204,0.457
13.400,-0.366,-0.209,0.240,0.485
13.500,-0.512,-0.258,0.371,0.682
13.600,-0.893,-0.128,0.521,1.04
13.700,-1.17,-0.110,0.576,1.30
13.800,-1.55,-0.0960,0.771,1.74
13.900,-2.27,0.153,1.13,2.54
14.000,-2.97,0.528,1.52,3.38
14.100,-3.93,0.900,1.69,4.37
14.200,-4.94,1.01,1.49,5.26
14.300,-5.70,1.48,1.55,6.09
14.400,-9.13,3.48,2.30,10.0
14.500,-23.3,5.82,3.77,24.3
14.600,-46.9,2.12,1.95,47.0
14.700,-49.3,-0.182,0.738,49.3
14.800,-49.3,0.837,1.73,49.4
14.900,-49.3,-0.492,0.437,49.3
15.000,-49.3,-0.492,0.437,49.3
15.100,-49.3,-0.492,0.437,49.3
15.200,-49.3,-0.492,0.437,49.3
15.300,-49.3,-0.492,0.437,49.3
15.400,-49.3,-0.492,0.437,49.3
15.500,-49.3,-0.492,0.437,49.3
15.600,-49.3,-0.492,0.437,49.3
15.700,-49.3,-0.492,0.437,49.3
15.800,-49.3,-0.492,0.437,49.3
15.900,-49.3,-0.492,0.437,49.3
16.000,-49.3,-0.492,0.437,49.3
16.100,-49.3,-0.492,0.437,49.3
16.200,-49.3,-0.492,0.437,49.3
16.300,-49.3,-0.492,0.437,49.3
16.400,-49.3,-0.492,0.437,49.3
16.500,-49.3,-0.492,0.437,49.3
16.600,-49.3,-0.492,0.437,49.3
16.700,-49.3,-0.492,0.437,49.3
16.800,-49.3,-0.492,0.437,49.3
16.900,-49.3,-0.492,0.437,49.3
17.000,-49.3,-0.492,0.437,49.3
17.100,-49.3,-0.492,0.437,49.3
17.200,-49.3,-0.492,0.437,49.3
17.300,-49.3,-0.492,0.437,49.3
17.400,-49.3,-0.492,0.437,49.3
17.500,-49.3,-0.492,0.437,49.3
17.600,-49.3,-0.492,0.437,49.3
17.700,-49.3,-0.492,0.437,49.3
17.800,-49.0,-1.64,-0.0735,49.0
17.900,-12.0,-5.37,-0.546,13.2
18.000,-1.82,-0.476,0.111,1.88
18.100,-1.17,-0.0735,0.0915,1.18
18.200,-1.07,0.0165,0.0915,1.07
18.300,-1.04,0.0480,0.0900,1.04
18.400,-1.02,0.0735,0.0915,1.03
18.500,-1.01,0.0840,0.101,1.02
18.600,-1.02,0.0945,0.0930,1.02
18.700,-1.02,0.0990,0.0945,1.03
18.800,-1.01,0.108,0.0930,1.02
18.900,-1.02,0.108,0.0930,1.03
19.000,-1.02,0.101,0.107,1.03
19.100,-1.02,0.117,0.116,1.03
19.200,-0.969,0.147,0.114,0.987
19.300,-0.921,0.215,0.122,0.953
19.400,-0.792,0.327,0.173,0.874
19.500,-0.573,0.549,0.227,0.825
19.600,-0.146,0.828,0.0255,0.841
19.700,0.00300,0.885,-0.308,0.937
19.800,-0.0375,0.753,-0.488,0.898
19.900,0.407,0.687,-0.576,0.984
20.000,2.72,0.351,-1.18,2.98
20.100,11.1,-3.72,-2.21,11.9
20.200,33.5,-8.51,0.131,34.5
20.300,49.0,-0.771,0.707,49.0
20.400,49.0,-0.492,0.437,49.0
20.500,49.0,-0.492,0.437,49.0
20.600,49.0,-0.492,0.437,49.0
20.700,49.0,-0.492,0.437,49.0
20.800,49.0,-0.492,0.437,49.0
20.900,49.0,-0.492,0.437,49.0
21.000,49.0,-0.492,0.437,49.0
21.100,49.0,-0.492,0.437,49.0
21.200,49.0,-0.492,0.437,49.0
21.300,49.0,-0.492,0.437,49.0
21.400,49.0,-0.492,0.437,49.0
21.500,49.0,-0.492,0.437,49.0
21.600,49.0,-0.492,0.437,49.0
21.700,49.0,-0.492,0.437,49.0
21.800,49.0,-0.492,0.437,49.0
21.900,49.0,-0.492,0.437,49.0
22.000,49.0,-0.492,0.437,49.0
22.100,49.0,-0.492,0.437,49.0
22.200,49.0,-0.492,0.437,49.0
22.300,49.0,-0.492,0.437,49.0
22.400,49.0,-0.492,0.437,49.0
22.500,49.0,-0.492,0.437,49.0
22.600,49.0,-0.492,0.437,49.0
22.700,49.0,-0.492,0.437,49.0
22.800,49.0,-0.492,0.437,49.0
22.900,49.0,-0.492,0.437,49.0
23.000,49.0,-0.492,0.437,49.0
23.100,49.0,-0.492,0.437,49.0
23.200,49.0,-0.492,0.437,49.0
23.300,49.0,-0.492,0.437,49.0
23.400,49.0,-0.492,0.437,49.0
23.500,49.0,-0.492,0.437,49.0
23.600,45.8,4.57,2.12,46.1
23.700,5.52,5.86,1.16,8.13
23.800,0.207,0.473,0.216,0.559
23.900,0.0825,0.203,0.191,0.290
24.000,0.0495,0.134,0.177,0.227
24.100,0.0435,0.0810,0.165,0.189
24.200,0.0510,0.0660,0.164,0.184
24.300,0.0510,0.0645,0.158,0.178
24.400,0.0480,0.0630,0.146,0.166
24.500,0.0480,0.0600,0.155,0.173
24.600,0.0525,0.0540,0.153,0.171
24.700,0.0510,0.0540,0.155,0.171
24.800,0.0435,0.0525,0.147,0.162
24.900,0.0450,0.0465,0.150,0.163
25.000,0.0240,0.0450,0.144,0.153
25.100,-0.0135,0.0405,0.155,0.160
25.200,-0.0510,0.0510,0.159,0.175
25.300,-0.0840,0.0285,0.173,0.194
25.400,-0.107,-0.0180,0.167,0.198
25.500,-0.116,-0.0720,0.129,0.188
25.600,-0.113,-0.191,0.101,0.243
25.700,-0.0795,-0.464,0.0465,0.473
25.800,0.0945,-1.60,0.107,1.60
25.900,1.45,-7.45,0.756,7.62
26.000,6.79,-22.1,2.08,23.2
26.100,2.05,-12.1,-0.644,12.2
26.200,3.20,-18.1,0.188,18.4
26.300,8.15,-43.4,5.87,44.5
26.400,0.711,-49.6,1.30,49.7
26.500,1.55,-49.6,2.12,49.7
26.600,-0.168,-49.6,0.437,49.6
26.700,-0.168,-49.6,0.437,49.6
26.800,-0.168,-49.6,0.437,49.6
26.900,-0.168,-49.6,0.437,49.6
27.000,-0.168,-49.6,0.437,49.6
27.100,-0.168,-49.6,0.437,49.6
27.200,-0.168,-49.6,0.437,49.6
27.300,-0.168,-49.6,0.437,49.6
27.400,-0.168,-49.6,0.437,49.6
27.500,-0.168,-49.6,0.437,49.6
27.600,-0.168,-49.6,0.437,49.6
27.700,-0.168,-49.6,0.437,49.6
27.800,-0.168,-49.6,0.437,49.6
27.900,-0.168,-49.6,0.437,49.6
28.000,-0.168,-49.6,0.437,49.6
28.100,-0.168,-49.6,0.437,49.6
28.200,-0.168,-49.6,0.437,49.6
28.300,-0.168,-49.6,0.437,49.6
28.400,-0.168,-49.6,0.437,49.6
28.500,-2.72,-45.6,0.831,45.6
28.600,-3.49,-11.1,0.665,11.7
28.700,-1.55,-2.29,0.336,2.79
28.800,-0.971,-0.503,0.101,1.10
28.900,-0.857,-0.108,0.0975,0.869
29.000,-0.849,-0.0360,0.108,0.857
29.100,-0.878,0.00750,0.104,0.884
29.200,-0.971,0.0135,0.125,0.979
29.300,-0.983,0.0945,0.141,0.997
29.400,-0.947,0.198,0.131,0.976
29.500,-0.834,0.426,0.108,0.943
29.600,-0.683,0.771,0.123,1.04
29.700,-0.569,1.82,-0.0810,1.91
29.800,-0.432,4.30,-1.67,4.63
29.900,-0.341,13.0,-4.61,13.8
30.000,1.07,38.4,-3.40,38.6
30.100,-0.168,48.7,0.437,48.7
30.200,-0.168,48.7,0.437,48.7
30.300,-0.168,48.7,0.437,48.7
30.400,-0.168,48.7,0.437,48.7
30.500,-0.168,48.7,0.437,48.7
30.600,-0.168,48.7,0.437,48.7
30.700,-0.168,48.7,0.437,48.7
30.800,-0.168,48.7,0.437,48.7
30.900,-0.168,48.7,0.437,48.7
31.000,-0.168,48.7,0.437,48.7
31.100,-0.168,48.7,0.437,48.7
31.200,-0.168,48.7,0.437,48.7
31.300,-0.168,48.7,0.437,48.7
31.400,-0.168,48.7,0.437,48.7
31.500,-0.168,48.7,0.437,48.7
31.600,-0.168,48.7,0.437,48.7
31.700,2.73,43.6,-1.56,43.7
31.800,1.56,4.30,-0.738,4.63
31.900,0.252,0.504,-0.105,0.573
32.000,0.111,0.213,-0.0645,0.249
32.100,0.0750,0.164,-0.0720,0.194
32.200,0.0600,0.143,-0.0660,0.168
32.300,0.0555,0.140,-0.0645,0.163
32.400,0.0495,0.140,-0.0600,0.160
32.500,0.0495,0.147,-0.0645,0.168
32.600,0.0780,0.249,-0.0315,0.263
32.700,0.446,1.94,-0.473,2.04
32.800,1.75,4.79,-6.53,8.28
32.900,1.85,3.85,-7.53,8.65
33.000,0.882,2.46,-6.38,6.89
33.100,0.546,1.28,-4.42,4.64
33.200,0.581,0.803,-3.70,3.83
33.300,1.28,0.861,-7.16,7.33
33.400,2.34,2.61,-26.1,26.3
33.500,0.0570,-0.0285,-48.7,48.7
33.600,-0.168,-0.492,-48.7,48.7
33.700,-0.168,-0.492,-48.7,48.7
33.800,-0.168,-0.492,-48.7,48.7
33.900,-3.29,2.66,-48.3,48.5
34.000,-15.7,20.0,-34.4,42.8
34.100,-9.14,45.2,-9.50,47.1
34.200,13.1,25.1,-29.5,40.9
34.300,18.7,27.1,-27.5,42.9
34.400,22.0,32.5,-22.3,45.1
34.500,23.0,22.9,-31.6,45.3
34.600,23.5,23.5,-31.1,45.5
34.700,26.2,26.2,-28.4,46.7
34.800,-15.1,30.6,-4.84,34.4
34.900,-49.3,-0.896,0.0450,49.3
35.000,-49.3,-4.49,-3.44,49.6
35.100,-32.5,-2.08,-20.1,38.3
35.200,-12.9,5.93,-14.0,19.9
35.300,-5.45,7.11,-4.53,10.0
35.400,-3.29,5.17,-2.85,6.76
35.500,-5.40,10.3,-7.27,13.7
35.600,-9.34,23.5,-18.1,31.1
35.700,-22.4,25.8,-28.8,44.7
35.800,-15.2,-12.7,-38.6,43.4
35.900,-6.01,-6.39,-46.2,47.0
36.000,-1.31,42.7,-6.61,43.2
36.100,-0.168,48.7,0.437,48.7
36.200,2.98,47.9,-2.64,48.1
36.300,6.16,47.1,-5.76,47.8
36.400,-0.168,48.7,0.437,48.7
36.500,-0.168,48.7,0.437,48.7
36.600,-0.168,48.7,0.437,48.7
36.700,-0.168,48.7,0.437,48.7
36.800,-0.168,48.7,0.437,48.7
36.900,-0.168,48.7,0.437,48.7
37.000,-0.168,48.7,0.437,48.7
37.100,-0.168,48.7,0.437,48.7
37.200,-0.168,48.7,0.437,48.7
37.300,-0.168,48.7,0.437,48.7
37.400,-0.168,48.7,0.437,48.7
37.500,-0.168,48.7,0.437,48.7
37.600,-0.168,48.7,0.437,48.7
37.700,-0.168,48.7,0.437,48.7
37.800,-0.168,48.7,0.437,48.7
37.900,-0.168,48.7,0.437,48.7
38.000,2.59,48.7,-2.26,48.8
38.100,5.04,48.7,-4.67,49.1
38.200,5.77,48.7,-5.38,49.3
38.300,5.17,48.5,-4.79,49.1
38.400,13.5,38.3,-14.5,43.2
38.500,7.25,17.5,-13.1,23.1
38.600,0.714,3.06,-1.38,3.43
38.700,-0.549,1.19,0.308,1.34
38.800,-1.27,0.747,0.950,1.75
38.900,-1.47,0.507,1.13,1.93
39.000,-1.37,0.614,1.27,1.97
39.100,-1.76,0.0840,2.21,2.83
39.200,-2.45,-0.644,2.79,3.77
39.300,-2.42,-0.965,2.43,3.56
39.400,-1.16,-1.18,0.572,1.75
39.500,-0.639,-0.860,0.368,1.13
39.600,-0.581,-0.729,0.384,1.01
39.700,-0.428,-0.804,0.197,0.932
39.800,-0.117,-0.683,-0.0390,0.694
39.900,0.0105,-0.671,-0.0990,0.678
40.000,-0.366,-1.01,0.0240,1.08
40.100,-1.25,-1.99,1.15,2.62
40.200,-1.40,-4.52,5.83,7.51
40.300,1.62,-4.32,7.77,9.04
40.400,2.80,-3.75,7.22,8.61
40.500,1.94,-3.48,7.92,8.87
40.600,0.0300,-3.86,7.10,8.08
40.700,-0.0390,-4.91,10.2,11.3
40.800,0.156,-6.73,13.1,14.7
40.900,-0.411,-7.01,10.3,12.5
41.000,0.137,-6.09,11.5,13.1
41.100,2.18,-4.55,16.4,17.2
41.200,5.07,-5.26,31.2,32.1
41.300,6.44,-5.36,45.2,46.0
41.400,4.37,-3.23,48.5,48.8
41.500,-0.00450,-0.657,49.6,49.6
41.600,-0.168,-0.492,49.6,49.6
41.700,-2.05,-10.8,41.4,42.8
41.800,-2.77,-49.2,4.46,49.5
41.900,-5.31,-38.2,18.6,42.8
42.000,-9.36,-41.1,15.8,45.0
42.100,-11.2,-44.3,12.7,47.4
42.200,-10.6,-46.4,10.6,48.8
42.300,-9.62,-47.4,9.69,49.3
42.400,-9.51,-47.5,9.59,49.4
42.500,-7.61,-49.3,7.72,50.5
42.600,-6.82,-49.6,6.95,50.6
42.700,-5.04,-49.6,5.21,50.2
42.800,-3.38,-49.6,3.58,49.9
42.900,-0.168,-49.6,0.437,49.6
43.000,-0.168,-49.6,0.437,49.6
43.100,-0.168,-49.6,0.437,49.6
43.200,-0.168,-49.6,0.437,49.6
43.300,6.01,-42.0,10.7,43.7
43.400,13.9,-14.8,41.3,46.0
43.500,1.24,-9.84,46.1,47.1
43.600,-7.37,-7.77,48.1,49.3
43.700,-7.22,-7.62,48.2,49.4
43.800,-4.66,-5.03,49.4,49.9
43.900,-1.88,-2.22,49.6,49.7
44.000,-0.168,-0.492,49.6,49.6
44.100,-0.168,-0.492,49.6,49.6
44.200,-0.168,-0.492,49.6,49.6
44.300,-0.168,-0.492,49.6,49.6
44.400,-2.98,-3.33,49.6,49.8
44.500,-3.83,-4.19,49.6,49.9
44.600,-4.31,-4.68,49.6,50.0
44.700,-4.51,-4.88,49.6,50.0
44.800,-4.38,-4.75,49.6,50.0
44.900,-4.00,-4.36,49.6,49.9
45.000,-3.22,-3.57,49.6,49.8
45.100,-2.42,-2.76,49.6,49.7
45.200,-2.30,-2.64,49.6,49.7
45.300,-2.73,-3.08,49.4,49.5
45.400,-15.7,-21.9,26.0,37.5
45.500,-2.66,-2.94,1.66,4.30
45.600,-0.540,-0.501,0.0720,0.740
45.700,0.363,-0.245,0.563,0.713
45.800,-1.02,0.366,1.12,1.56
45.900,-1.12,0.329,0.0750,1.17
46.000,-0.744,0.144,0.266,0.803
46.100,-0.681,0.141,0.348,0.778
46.200,-0.672,0.138,0.336,0.764
46.300,-0.702,0.111,0.246,0.752
46.400,-0.759,0.0465,-0.00900,0.760
46.500,-0.968,-0.0840,-0.876,1.31
46.600,-1.88,-0.0690,-3.63,4.09
46.700,-2.04,0.503,-5.81,6.17
46.800,-0.731,-0.443,-6.84,6.89
46.900,-0.273,-2.10,-9.46,9.69
47.000,-0.848,-0.632,-16.4,16.4
47.100,-0.0945,3.86,-21.1,21.5
47.200,-0.234,4.34,-37.6,37.8
47.300,-0.231,-2.31,-48.7,48.8
47.400,0.333,-1.23,-48.7,48.7
47.500,-0.168,-0.492,-48.7,48.7
47.600,-0.168,-0.492,-48.7,48.7
47.700,-0.168,-0.492,-48.7,48.7
47.800,-0.608,-0.936,-48.7,48.7
47.900,-1.31,-1.64,-48.7,48.8
48.000,-0.168,-0.492,-48.7,48.7
48.100,-1.45,0.804,-48.7,48.7
48.200,-0.168,-0.492,-48.7,48.7
48.300,-0.168,-0.492,-48.7,48.7
48.400,-0.168,-0.492,-48.7,48.7
48.500,-1.42,-1.76,-48.7,48.8
48.600,-4.26,-4.63,-48.7,49.1
48.700,-1.35,-1.68,-48.7,48.8
48.800,-2.49,-5.63,-42.8,43.3
48.900,-1.59,-3.37,-3.72,5.27
49.000,-0.570,-0.521,-0.152,0.787
49.100,-0.353,-0.335,0.417,0.640
49.200,-0.185,-0.381,0.567,0.708
49.300,-0.134,-0.369,0.591,0.709
49.400,-0.236,-0.216,0.429,0.535
49.500,-0.344,-0.0270,0.0825,0.354
49.600,-0.411,0.0255,-0.113,0.427
49.700,-0.413,0.0195,-0.0915,0.423
49.800,-0.257,-0.245,0.831,0.903
49.900,3.45,-4.60,13.2,14.4
50.000,12.7,-17.8,36.1,42.2
50.100,22.0,-34.1,22.5,46.4
50.200,24.6,-30.9,25.7,47.1
50.300,3.63,-4.33,47.6,47.9
50.400,-0.168,-0.492,49.6,49.6
50.500,-0.168,-0.492,49.6,49.6
50.600,-3.10,2.47,49.3,49.5
50.700,-0.408,-0.249,49.6,49.6
50.800,-0.168,-0.492,49.6,49.6
50.900,-0.168,-0.492,49.6,49.6
51.000,-0.168,-0.492,49.6,49.6
51.100,-0.168,-0.492,49.6,49.6
51.200,-0.168,-0.492,49.6,49.6
51.300,-0.168,-0.492,49.6,49.6
51.400,-0.168,-0.492,49.6,49.6
51.500,-0.168,-0.492,49.6,49.6
51.600,-0.168,-0.492,49.6,49.6
51.700,-0.168,-0.492,49.6,49.6
51.800,-0.168,-0.492,49.6,49.6
51.900,-0.168,-0.492,49.6,49.6
52.000,-0.168,-0.492,49.6,49.6
52.100,3.86,3.58,47.0,47.2
52.200,29.9,25.6,25.7,47.0
52.300,22.5,13.5,6.28,27.0
52.400,6.54,2.50,0.435,7.01
52.500,4.71,-0.144,0.471,4.73
52.600,2.81,-0.342,1.04,3.01
52.700,1.80,-0.213,0.653,1.93
52.800,1.63,-0.330,0.573,1.76
52.900,1.53,-0.494,0.390,1.65
53.000,1.28,-0.446,0.204,1.37
53.100,1.18,-0.435,0.150,1.27
53.200,1.33,-0.417,0.263,1.42
53.300,1.57,-0.375,0.371,1.65
53.400,1.93,-0.377,0.371,2.00
53.500,2.23,0.302,0.0345,2.25
53.600,0.938,1.11,-0.0750,1.46
53.700,0.279,1.26,-0.0885,1.30
53.800,0.0360,2.55,-0.758,2.66
53.900,-0.497,2.97,-0.960,3.16
54.000,0.788,2.54,-1.28,2.95
54.100,3.12,1.11,-2.90,4.40
54.200,3.62,1.19,-3.29,5.03
54.300,5.17,2.24,-4.57,7.25
54.400,7.83,1.14,-6.36,10.2
54.500,16.4,1.13,-9.24,18.9
54.600,35.8,3.31,-10.5,37.5
54.700,48.9,-0.278,-1.12,48.9
54.800,49.0,-0.492,0.437,49.0
54.900,48.3,4.55,5.33,48.8
55.000,44.2,11.1,11.6,47.1
55.100,41.9,13.4,13.9,46.2
55.200,46.4,6.73,7.44,47.4
55.300,49.0,-0.492,0.437,49.0
55.400,49.0,-0.492,0.437,49.0
55.500,49.0,-0.492,0.437,49.0
55.600,49.0,-0.492,0.437,49.0
55.700,49.0,-0.492,0.437,49.0
55.800,49.0,-0.492,0.437,49.0
55.900,49.0,-0.492,0.437,49.0
56.000,49.0,-0.492,0.437,49.0
56.100,49.0,-0.492,0.437,49.0
56.200,49.0,-0.492,0.437,49.0
56.300,49.0,-0.492,0.437,49.0
56.400,49.0,-0.492,0.437,49.0
56.500,49.0,-0.492,0.437,49.0
56.600,49.0,-0.492,0.437,49.0
56.700,49.0,-0.492,0.437,49.0
56.800,49.0,-0.492,0.437,49.0
56.900,49.0,-0.492,0.437,49.0
57.000,49.0,-0.492,0.437,49.0
57.100,49.0,-0.492,0.437,49.0
57.200,49.0,-0.492,0.437,49.0
57.300,49.0,-0.492,0.437,49.0
57.400,49.0,-0.492,0.437,49.0
57.500,49.0,-0.492,0.437,49.0
57.600,49.0,-0.492,0.437,49.0
57.700,49.0,-0.492,0.437,49.0
57.800,49.0,-0.492,0.437,49.0
57.900,49.0,-0.492,0.437,49.0
58.000,49.0,-0.492,0.437,49.0
58.100,49.0,-0.492,0.437,49.0
58.200,49.0,0.0600,0.972,49.0
58.300,23.5,14.3,2.65,27.6
58.400,1.85,2.99,0.191,3.51
58.500,-0.0915,0.581,0.0960,0.595
58.600,-0.0975,0.117,0.0645,0.165
58.700,0.00750,0.0705,0.0675,0.0979
58.800,0.0450,0.0750,0.0720,0.113
58.900,0.0585,0.0825,0.0735,0.125
59.000,0.0585,0.0870,0.0765,0.130
59.100,0.0615,0.0870,0.0810,0.134
59.200,0.0600,0.0870,0.0810,0.133
59.300,0.0585,0.0915,0.0810,0.135
59.400,0.0660,0.0975,0.0810,0.143
59.500,0.0600,0.0990,0.0840,0.143
59.600,0.0615,0.101,0.0795,0.142
59.700,0.0630,0.101,0.0795,0.143
59.800,0.0540,0.0960,0.0795,0.136
59.900,0.0465,0.0855,0.0750,0.123
60.000,0.0390,0.0810,0.0795,0.120
60.100,0.0390,0.0750,0.0780,0.115
60.200,0.0315,0.0645,0.0735,0.103
60.300,0.0210,0.0555,0.0765,0.0968
60.400,0.00750,0.0465,0.0705,0.0848
60.500,-0.0210,0.0255,0.0780,0.0847
60.600,-0.0405,0.00150,0.0945,0.103
60.700,-0.0540,0.00,0.105,0.118
60.800,-0.0585,0.00450,0.119,0.132
60.900,-0.0615,-0.00150,0.108,0.124
61.000,-0.0600,-0.00600,0.104,0.120
61.100,-0.0450,-0.00450,0.0990,0.109
61.200,-0.0285,-0.00300,0.0975,0.102
61.300,-0.0270,0.00450,0.0960,0.0998
61.400,-0.0255,0.0105,0.0975,0.101
61.500,-0.0390,0.00900,0.0975,0.105
61.600,-0.0450,0.00600,0.0945,0.105
61.700,-0.0405,0.0225,0.102,0.112
61.800,-0.0345,0.0315,0.102,0.112
61.900,-0.0345,0.0270,0.105,0.114
62.000,-0.0270,0.0375,0.101,0.111
62.100,-0.0225,0.0435,0.101,0.112
62.200,-0.0225,0.0435,0.108,0.119
62.300,-0.0225,0.0465,0.113,0.124
62.400,-0.0285,0.0390,0.105,0.116
62.500,-0.0315,0.0345,0.105,0.115
62.600,-0.0420,0.0375,0.101,0.115
62.700,-0.0420,0.0405,0.0975,0.114
62.800,-0.0435,0.0420,0.0945,0.112
62.900,-0.0390,0.0405,0.0990,0.114
63.000,-0.0315,0.0285,0.0945,0.104
63.100,-0.0270,0.00150,0.0975,0.101
63.200,-0.0285,-0.0285,0.0960,0.104
63.300,-0.0285,-0.0735,0.0885,0.119
63.400,-0.00450,-0.0885,0.0870,0.124
63.500,0.0360,-0.0225,0.114,0.122
63.600,0.0495,0.0285,0.122,0.134
63.700,0.0600,0.0540,0.123,0.147
63.800,0.0780,0.0735,0.132,0.170
63.900,0.105,0.0915,0.135,0.194
64.000,0.128,0.105,0.140,0.216
64.100,0.146,0.131,0.150,0.246
64.200,0.152,0.177,0.164,0.285
64.300,0.141,0.186,0.170,0.288
64.400,0.146,0.200,0.177,0.304
64.500,0.156,0.216,0.182,0.322
64.600,0.164,0.245,0.195,0.353
64.700,0.168,0.239,0.200,0.353
64.800,0.162,0.234,0.192,0.343
64.900,0.147,0.237,0.179,0.331
65.000,0.140,0.237,0.153,0.315
65.100,0.146,0.221,0.156,0.307
65.200,0.144,0.215,0.144,0.296
65.300,0.152,0.210,0.140,0.294
65.400,0.150,0.218,0.155,0.306
65.500,0.189,0.216,0.180,0.339
65.600,0.206,0.198,0.171,0.333
65.700,0.201,0.183,0.165,0.318
65.800,0.185,0.168,0.164,0.298
65.900,0.188,0.164,0.161,0.296
66.000,0.209,0.180,0.176,0.327
66.100,0.222,0.197,0.186,0.350
66.200,0.224,0.195,0.176,0.345
66.300,0.216,0.192,0.164,0.332
66.400,0.212,0.186,0.156,0.322
66.500,0.206,0.185,0.155,0.316
66.600,0.210,0.185,0.167,0.325
66.700,0.225,0.194,0.179,0.346
66.800,0.248,0.191,0.171,0.356
66.900,0.258,0.204,0.174,0.372
67.000,0.260,0.215,0.194,0.388
67.100,0.269,0.225,0.213,0.410
67.200,0.263,0.222,0.228,0.413
67.300,0.264,0.201,0.249,0.415
67.400,0.285,0.192,0.285,0.446
67.500,0.302,0.198,0.317,0.480
67.600,0.303,0.195,0.335,0.492
67.700,0.345,0.197,0.369,0.542
67.800,0.354,0.197,0.360,0.542
67.900,0.336,0.137,0.308,0.475
68.000,0.317,0.108,0.288,0.441
68.100,0.300,0.104,0.281,0.424
68.200,0.257,0.0765,0.251,0.367
68.300,0.215,0.0690,0.222,0.316
68.400,0.188,0.0765,0.242,0.315
68.500,0.147,0.0690,0.222,0.275
68.600,0.0525,0.0870,0.194,0.219
68.700,-0.00300,0.107,0.174,0.204
68.800,-0.146,0.156,0.101,0.236
68.900,-0.321,0.243,-0.0150,0.403
69.000,-0.492,0.317,-0.117,0.597
69.100,-0.647,0.393,-0.231,0.791
69.200,-0.585,0.312,-0.134,0.676
69.300,-0.416,0.210,0.00150,0.466
69.400,-0.369,0.177,-0.00750,0.409
69.500,-0.354,0.114,-0.0435,0.374
69.600,-0.459,0.143,-0.0675,0.485
69.700,-0.510,0.213,-0.0555,0.555
69.800,-0.459,0.224,-0.0105,0.511
69.900,-0.359,0.144,0.0420,0.389
70.000,-0.336,0.144,0.0780,0.374
70.100,-0.345,0.137,0.113,0.388
70.200,-0.332,0.126,0.116,0.373
70.300,-0.339,0.147,0.105,0.384
70.400,-0.353,0.150,0.105,0.397
70.500,-0.338,0.147,0.113,0.385
70.600,-0.317,0.147,0.122,0.370
70.700,-0.288,0.129,0.149,0.349
70.800,-0.263,0.116,0.162,0.329
70.900,-0.255,0.104,0.165,0.321
71.000,-0.257,0.108,0.170,0.326
71.100,-0.266,0.117,0.173,0.338
71.200,-0.273,0.126,0.173,0.347
71.300,-0.279,0.125,0.164,0.347
71.400,-0.285,0.141,0.150,0.352
71.500,-0.278,0.165,0.141,0.352
